threshold,fn_cost,fp_cost,total_cost,tp,fp,fn,flagged_rate,precision,recall,f1
0.01,58971.066,1443786.9652,1502758.0312,7117,79313,413,0.4545119899032394,0.08234409348605808,0.9451527224435591,0.15148999574286928
0.015,103883.824,1078977.0721,1182860.8961,6882,58212,648,0.34231173748422383,0.10572402986450365,0.9139442231075697,0.18952412425644416
0.02,145938.387,846169.4857000001,992107.8727000001,6653,45091,877,0.27210769877997476,0.12857529375386517,0.8835325365205843,0.22448290987616829
0.025,180293.131,689345.9170000001,869639.0480000002,6475,36341,1055,0.22515776188472866,0.15122851270553064,0.8598937583001328,0.2572200373415961
0.03,210343.47100000002,578451.419,788794.89,6287,30181,1243,0.1917753470761464,0.17239771854776792,0.8349269588313413,0.28578571753261517
0.035,243830.58800000002,491700.01180000004,735530.5998000001,6153,25563,1377,0.1667858645351283,0.19400302686341278,0.8171314741035857,0.31356061764256227
0.04,264578.307,426750.19539999997,691328.5023999999,6008,22028,1522,0.14743374000841397,0.21429590526465972,0.7978751660026561,0.337850756340325
0.045,287840.31999999995,374212.4713,662052.7912999999,5886,19238,1644,0.13212031973075306,0.2342779812131826,0.7816733067729084,0.3605071354198567
0.05,309765.497,327529.9245,637295.4214999999,5777,16922,1753,0.11936790071518721,0.2545046037270364,0.7671978751660027,0.3822157530847861
0.055,330202.049,291248.9176,621450.9665999999,5672,15076,1858,0.10910811947833403,0.2733757470599576,0.753253652058433,0.40115991229931397
0.06,352672.909,260814.85470000003,613487.7637,5581,13577,1949,0.10074673958771561,0.2913143334377284,0.7411686586985392,0.4182404076738609
0.065,377307.898,234819.28269999998,612127.1806999999,5493,12305,2037,0.09359486748001683,0.3086301831666479,0.7294820717131474,0.43374921036007574
0.07,393983.798,213142.3428,607126.1408,5424,11201,2106,0.08742637778712663,0.32625563909774435,0.7203187250996016,0.4490995653073898
0.075,414968.554,195361.3702,610329.9242,5352,10252,2178,0.0820572149768616,0.3429889771853371,0.7107569721115538,0.46269559955044526
0.08,427715.73199999996,178563.2342,606278.9661999999,5283,9456,2247,0.07750841396718552,0.3584368003256666,0.701593625498008,0.4744712380439176
0.085,438833.49100000004,163673.8258,602507.3168,5223,8731,2307,0.07338031131678587,0.37430127561989396,0.6936254980079681,0.4862223049711413
0.09,452447.10599999997,150711.73570000002,603158.8417,5162,8051,2368,0.06948359276398822,0.3906758495421176,0.6855245683930943,0.49771007086728053
0.095,473655.799,140386.4507,614042.2497,5096,7522,2434,0.06635464871687001,0.4038674908860358,0.6767596281540504,0.5058566607107405
0.1,486418.675,130141.077,616559.752,5041,7019,2489,0.06342027766091712,0.4179933665008292,0.6694555112881806,0.5146503318019399
0.105,494838.931,121743.2854,616582.2164,5000,6583,2530,0.0609118636937316,0.431667098333765,0.6640106241699867,0.523204101920159
0.11,507893.731,115218.73760000001,623112.4686,4939,6198,2591,0.05856647034076567,0.44347669929065275,0.6559096945551128,0.5291691219799647
0.115,525844.498,108134.79560000001,633979.2936,4886,5833,2644,0.05636832141354649,0.45582610318126693,0.648871181938911,0.53548139624089
0.12,536308.8999999999,99268.0221,635576.9220999999,4847,5473,2683,0.05427008834665545,0.46967054263565894,0.6436918990703852,0.5430812324929972
0.125,544140.513,93973.2843,638113.7973,4807,5190,2723,0.05257151872107699,0.4808442532759828,0.6383798140770253,0.548525132652479
0.13,556478.9199999999,88936.68100000001,645415.6009999999,4769,4940,2761,0.05105700462768195,0.4911937377690802,0.6333333333333333,0.553280352688671
0.135,565784.1950000001,82272.18359999999,648056.3786,4720,4690,2810,0.04948464450988641,0.5015940488841658,0.6268260292164675,0.5572609208972845
0.14,572157.854,78012.1839,650170.0379000001,4686,4450,2844,0.04804375262936474,0.5129159369527145,0.6223107569721116,0.562342493699748
0.145,579450.738,74062.2476,653512.9856,4648,4256,2882,0.04682372738746319,0.5220125786163522,0.6172642762284196,0.5656565656565656
0.15,586785.875,70391.7646,657177.6396,4611,4058,2919,0.04558792595708877,0.5318952589687392,0.6123505976095618,0.5692944008889439
0.155,594521.0970000001,66629.67079999999,661150.7678,4569,3862,2961,0.04433634833824148,0.5419285968449769,0.6067729083665339,0.5725205187644884
0.16,602829.0430000001,63604.0122,666433.0552000001,4534,3700,2996,0.04330037862852335,0.5506436725771192,0.602124833997344,0.5752347120020298
0.165,609659.318,60961.1803,670620.4983,4500,3535,3030,0.042253891459823306,0.5600497822028625,0.5976095617529881,0.5782203662062319
0.17,614350.773,57283.003300000004,671633.7763,4472,3365,3058,0.04121266302061422,0.5706265152481818,0.5938911022576361,0.5820264202511876
0.175,625722.145,54582.8325,680304.9775,4425,3213,3105,0.040166175851914176,0.5793401413982718,0.5876494023904383,0.5834651898734178
0.18,634922.716,51274.1998,686196.9158000001,4393,3068,3137,0.03923538073201514,0.5887950676852969,0.5833997343957503,0.5860849843239277
0.185,640863.4480000001,49681.4528,690544.9008000001,4368,2962,3162,0.038546487168700044,0.5959072305593451,0.5800796812749004,0.5878869448183043
0.19,649416.5249999999,47186.997500000005,696603.5225,4335,2851,3195,0.037789230122002526,0.6032563317561926,0.5756972111553785,0.5891546615928241
0.195,665679.428,45095.6515,710775.0795,4301,2760,3229,0.03713188893563315,0.6091205211726385,0.5711819389110225,0.5895414981838119
0.2,674042.25,43453.458,717495.708,4277,2659,3253,0.03647454774926378,0.6166378316032295,0.5679946879150066,0.591317572238352
0.205,678749.8809999999,41574.6439,720324.5249,4253,2569,3277,0.03587505258729491,0.6234242157725007,0.5648074369189907,0.592670011148272
0.21,686785.7949999999,40369.7761,727155.5711,4225,2491,3305,0.03531762726125368,0.6290946992257296,0.5610889774236387,0.5931489540923768
0.215,689878.117,39002.5155,728880.6325,4210,2413,3320,0.034828565418594866,0.6356635965574513,0.5590969455511288,0.5949268706281354
0.22,696691.7549999999,37597.994300000006,734289.7492999999,4187,2328,3343,0.03426062263357173,0.6426707597851112,0.5560424966799469,0.5962264150943396
0.225,701253.077,35778.0907,737031.1677000001,4160,2244,3370,0.033676903660075724,0.6495940037476577,0.5524568393094289,0.5971006171953495
0.23,708756.8389999999,34403.5533,743160.3923,4133,2168,3397,0.03313525452250736,0.6559276305348357,0.548871181938911,0.5976429759236498
0.235,714486.211,33232.327399999995,747718.5384,4112,2096,3418,0.03264619267984855,0.6623711340206185,0.5460823373173971,0.598631532974232
0.24,720839.233,32180.8344,753020.0674,4076,2036,3454,0.03214135464871687,0.6668848167539267,0.5413014608233732,0.5975663392464449
0.245,723677.404,31306.328800000003,754983.7328,4057,1981,3473,0.0317522086663862,0.6719112288837363,0.5387782204515272,0.5980247641509434
0.25,728230.017,30198.017,758428.034,4041,1916,3489,0.03132625157761885,0.6783615914050697,0.5366533864541833,0.5992437161711277
0.255,735196.8770000001,29467.499300000003,764664.3763000001,4017,1871,3513,0.030963399242742953,0.682235054347826,0.5334661354581673,0.5987479505142347
0.26,737925.899,28370.4894,766296.3883999999,4003,1803,3527,0.030532183424484643,0.6894591801584568,0.5316069057104914,0.6003299340131975
0.265,741116.9940000001,27081.678799999998,768198.6728000001,3982,1751,3548,0.03014829617164493,0.6945752660038375,0.5288180610889774,0.6004674658825304
0.27,746365.733,25877.89,772243.623,3960,1698,3570,0.029753891459823305,0.6998939554612937,0.5258964143426295,0.6005459508644222
0.275,751399.2309999999,25014.3508,776413.5817999999,3939,1655,3591,0.029417332772402188,0.7041473006792992,0.5231075697211155,0.6002743066138372
0.28,754882.63,24051.6382,778934.2682,3918,1612,3612,0.029080774084981068,0.708499095840868,0.5203187250996016,0.6
0.285,759056.959,23273.630600000004,782330.5896000001,3902,1567,3628,0.028759991586032815,0.7134759553848967,0.5181938911022577,0.600353873374875
0.29,760356.9519999999,22498.2204,782855.1723999999,3888,1533,3642,0.028507572570466974,0.7172108467072495,0.5163346613545817,0.600416956219597
0.295,764368.362,21966.455800000003,786334.8178,3872,1485,3658,0.028171013883045857,0.7227926078028748,0.5142098273572377,0.6009156514316754
0.3,768480.715,21438.381800000003,789919.0967999999,3855,1449,3675,0.027892301220025242,0.7268099547511312,0.5119521912350598,0.600748013090229
0.305,772527.867,20867.6699,793395.5369,3838,1416,3692,0.027629364745477492,0.7304910544347164,0.5096945551128818,0.6004380475594493
0.31,774313.061,19742.9483,794056.0093,3824,1378,3706,0.027355910811947833,0.7351018838908112,0.5078353253652058,0.6006911718504556
0.315,776721.767,19345.7572,796067.5242,3809,1348,3721,0.02711926798485486,0.7386077176653093,0.5058432934926959,0.6004571608733349
0.32,778709.839,18898.699699999997,797608.5387,3796,1312,3734,0.026861590239798065,0.7431480031323414,0.5041168658698539,0.60072796328533
0.325,781773.909,18415.4624,800189.3714,3783,1282,3747,0.026635464871687,0.7468904244817374,0.5023904382470119,0.6007145692735212
0.33,786203.9739999999,17995.1443,804199.1183,3761,1257,3769,0.026388304585612116,0.7495017935432443,0.49946879150066403,0.5994580809690787
0.335,788258.327,17577.1889,805835.5159,3752,1232,3778,0.026209507782919646,0.7528089887640449,0.498273572377158,0.5996483937989452
0.34,790097.0079999999,17062.6225,807159.6305,3736,1212,3794,0.026020193521245266,0.7550525464834277,0.4961487383798141,0.5988139124859753
0.345,793439.735,16572.5399,810012.2749,3713,1177,3817,0.025715187210769878,0.7593047034764826,0.49309428950863216,0.5979066022544284
0.35,797683.337,15983.6468,813666.9838,3694,1147,3836,0.025457509465713082,0.7630654823383598,0.4905710491367862,0.5972031363673107
0.355,800490.826,15529.0309,816019.8569,3678,1121,3852,0.025236642827092974,0.7664096686809752,0.48844621513944225,0.5966420634276909
0.36,802820.407,15164.0867,817984.4937,3665,1099,3865,0.02505258729490955,0.769311502938707,0.4867197875166003,0.5962258012038393
0.365,805144.47,14929.3548,820073.8248,3648,1084,3882,0.02488430795119899,0.7709213863060017,0.48446215139442234,0.5950089708041102
0.37,808928.068,14482.0991,823410.1671,3633,1060,3897,0.024679217501051745,0.7741316854890262,0.4824701195219124,0.5944530802585289
0.375,810789.888,14316.908899999999,825106.7969000001,3617,1043,3913,0.02450567942785023,0.7761802575107296,0.4803452855245684,0.5934372436423297
0.38,813994.107,14002.8708,827996.9778,3601,1022,3929,0.024311106436684896,0.7789314298074843,0.4782204515272244,0.5926108779725171
0.385,817134.095,13683.478000000001,830817.573,3581,1009,3949,0.024137568363483384,0.7801742919389978,0.4755644090305445,0.5909240924092409
0.39,817399.557,13381.8308,830781.3878,3576,980,3954,0.023958771560790914,0.7848990342405618,0.4749003984063745,0.5917590600695019
0.395,819947.599,12991.6265,832939.2255000001,3561,966,3969,0.023806268405553218,0.7866136514247847,0.47290836653386453,0.5906942025379447
0.4,821697.78,12817.0547,834514.8347,3554,951,3976,0.02369057635675221,0.7889012208657048,0.47197875166002656,0.5906107187370171
0.405,823158.753,12461.554,835620.307,3540,928,3990,0.023496003365586875,0.7923008057296329,0.4701195219123506,0.5900983497249542
0.41,829108.632,12222.4077,841331.0397,3520,912,4010,0.023306689103912495,0.7942238267148014,0.4674634794156706,0.5885303460959704
0.415,832259.1510000001,11973.2766,844232.4276,3502,895,4028,0.02312263357172907,0.7964521264498522,0.4650730411686587,0.5872390374779911
0.42,833147.528,11745.558,844893.086,3494,884,4036,0.023022717711400926,0.7980813156692553,0.46401062416998673,0.5868323815922069
0.425,834553.703,11529.7638,846083.4667999999,3481,869,4049,0.022875473285654185,0.8002298850574713,0.46228419654714475,0.586026936026936
0.43,835692.291,11229.940999999999,846922.232,3467,854,4063,0.022722970130416492,0.8023605646841009,0.4604249667994688,0.5850983039405958
0.435,839449.3829999999,10978.0871,850427.4700999999,3455,841,4075,0.022591501893142615,0.8042364990689013,0.4588313413014608,0.5843057669541687
0.44,840843.931,10662.6936,851506.6246,3438,824,4092,0.02241270509045015,0.8066635382449554,0.45657370517928286,0.5831071913161465
0.445,842579.665,10216.6857,852796.3507000001,3418,803,4112,0.022197097181320992,0.8097607202084814,0.4539176626826029,0.5817377244489832
0.45,845899.0730000001,10080.4595,855979.5325000001,3402,787,4128,0.022028817837610435,0.8121269992838386,0.45179282868525894,0.5805956139602355
0.455,850648.2679999999,9708.0579,860356.3258999999,3385,769,4145,0.02184476230542701,0.8148772267693789,0.449535192563081,0.5794248545018829
0.46,852227.047,9501.8617,861728.9087,3376,756,4154,0.021729070256625998,0.8170377541142304,0.44833997343957505,0.5789744469216258
0.465,855770.01,9329.508100000001,865099.5181,3358,744,4172,0.02157130837189735,0.8186250609458801,0.4459495351925631,0.577372764786795
0.47,857913.267,9135.3904,867048.6574,3345,732,4185,0.021439840134623474,0.8204562178072112,0.4442231075697211,0.5763763246316878
0.475,861528.198,8798.0383,870326.2363,3326,710,4204,0.02122423222549432,0.8240832507433102,0.4416998671978752,0.5751340134878092
0.48,863157.816,8697.2052,871855.0212,3322,703,4208,0.021166386201093814,0.8253416149068323,0.44116865869853916,0.5749891821722198
0.485,866472.4619999999,8600.6371,875073.0991,3312,690,4218,0.02104543542280185,0.8275862068965517,0.4398406374501992,0.5744016649323621
0.49,867972.186,8281.4661,876253.6521,3299,677,4231,0.020908708456037022,0.829728370221328,0.4381142098273572,0.5734399443768468
0.495,871797.324,7973.1653,879770.4893,3281,654,4249,0.02069310054690787,0.8337992376111817,0.4357237715803453,0.5723506323593546
0.5,872647.5700000001,7831.8359,880479.4059,3273,648,4257,0.020619478334034498,0.8347360367253251,0.4346613545816733,0.5716531307309406
0.505,874488.25,7592.909,882081.159,3263,638,4267,0.0205143037442154,0.8364521917457062,0.43333333333333335,0.5709036829673695
0.51,876173.7370000001,7383.4611,883557.1981,3254,625,4276,0.020398611695414386,0.8388759989688064,0.43213811420982734,0.5704268559908844
0.515,877728.898,7219.4046,884948.3026,3241,608,4289,0.02024084981068574,0.8420368926994024,0.43041168658698536,0.5696458388259074
0.52,881021.642,7022.1281,888043.7701,3225,598,4305,0.020104122843920907,0.8435783416165316,0.42828685258964144,0.5681317713379723
0.525,882865.499,6798.3094,889663.8084,3212,584,4318,0.019962137147665125,0.8461538461538461,0.42656042496679947,0.5671905350520926
0.53,884267.701,6667.984,890935.685,3197,574,4333,0.01983066891039125,0.8477857332272607,0.4245683930942895,0.5657906379966375
0.535,889152.4920000001,6591.5703,895744.0623000001,3181,565,4349,0.019699200673117374,0.8491724506139883,0.42244355909694553,0.5642071656615821
0.54,891611.96,6478.7454,898090.7054,3171,557,4359,0.019604543542280185,0.8505901287553648,0.42111553784860556,0.5633327411618404
0.545,893766.142,6339.2529,900105.3949,3160,547,4370,0.01949411022297013,0.8524413272187753,0.4196547144754316,0.5624276942244372
0.55,896343.0079999999,6087.2856,902430.2935999999,3148,536,4382,0.019373159444678167,0.8545059717698155,0.4180610889774236,0.5614410558230783
0.555,897990.274,5919.038500000001,903909.3125,3138,529,4392,0.019283761043331932,0.8557403872375239,0.41673306772908364,0.5605072787353755
0.56,900213.507,5703.7137,905917.2207,3123,513,4407,0.019120740429112326,0.8589108910891089,0.4147410358565737,0.5593766792047287
0.565,901761.7509999999,5558.9307,907320.6817,3109,498,4421,0.01896823727387463,0.8619351261436097,0.41288180610889774,0.5583191164586514
0.57,902830.483,5466.9512,908297.4342,3097,489,4433,0.018857803954564576,0.8636363636363636,0.4112881806108898,0.5572148254767902
0.575,905656.9180000001,5405.1062999999995,911062.0243,3080,483,4450,0.018736853176272612,0.8644400785854617,0.40903054448871184,0.5553051473902462
0.58,907463.9380000001,5322.566500000001,912786.5045,3070,476,4460,0.018647454774926377,0.8657642413987592,0.4077025232403719,0.5543517515348502
0.585,908643.96,5172.0543,913816.0142999999,3064,468,4466,0.018573832562053007,0.8674971687429218,0.40690571049136787,0.5539685409510035
0.59,913881.324,5076.527099999999,918957.8511,3046,460,4484,0.01843710559528818,0.8687963491158015,0.4045152722443559,0.5520115984052193
0.595,915705.927,4931.059700000001,920636.9867,3032,446,4498,0.018289861169541437,0.8717653824036803,0.40265604249667997,0.5508720930232558
0.6,918287.9809999999,4796.0257,923084.0066999999,3015,437,4515,0.01815313420277661,0.8734067207415991,0.40039840637450197,0.549080313239847
0.605,919506.829,4693.0211,924199.8501,3002,430,4528,0.01804795961295751,0.8747086247086248,0.39867197875166005,0.5477102718482029
0.61,921865.6240000001,4662.3529,926527.9769000001,2987,425,4543,0.01794278502313841,0.8754396248534584,0.3966799468791501,0.5459696581977702
0.615,923617.89,4371.9066,927989.7966,2977,413,4553,0.0178270929743374,0.8781710914454277,0.3953519256308101,0.5452380952380953
0.62,925511.4199999999,4257.9784,929769.3984,2963,408,4567,0.017727177114009254,0.8789676653811925,0.3934926958831341,0.5436198513897808
0.625,928450.888,4020.3062,932471.1942,2951,394,4579,0.017590450147244426,0.8822122571001495,0.39189907038512617,0.542712643678161
0.63,931709.524,3943.3868999999995,935652.9109,2930,386,4600,0.01743794699200673,0.8835946924004825,0.3891102257636122,0.540291351650378
0.635,934435.6410000001,3910.2575,938345.8985,2912,383,4618,0.017327513672696675,0.883763277693475,0.38671978751660024,0.538013856812933
0.64,936415.576,3795.3605,940210.9365,2894,376,4636,0.017196045435422802,0.8850152905198777,0.38432934926958834,0.5359259259259259
0.645,938269.844,3696.9341,941966.7781,2887,366,4643,0.017106647034076567,0.8874884721795266,0.3833997343957503,0.5354725030140035
0.65,942065.949,3641.5823,945707.5313,2875,356,4655,0.016990954985275558,0.889817393995667,0.38180610889774236,0.5343369575318279
0.655,943410.353,3615.7804,947026.1334,2861,354,4669,0.016906815313420278,0.8898911353032659,0.3799468791500664,0.5325267566309912
0.66,945028.8790000001,3518.4028000000003,948547.2818000001,2848,342,4682,0.016775347076146405,0.8927899686520376,0.37822045152722444,0.5313432835820896
0.665,946583.135,3488.4221,950071.5571,2834,339,4696,0.01668594867480017,0.8931610463283959,0.37636122177954845,0.5295711482761842
0.67,947964.699,3426.7142000000003,951391.4132000001,2824,331,4706,0.01659129154396298,0.8950871632329636,0.3750332005312085,0.5285914833879269
0.675,949267.474,3358.0905000000002,952625.5645000001,2806,325,4724,0.016465082036180058,0.8961992973490898,0.37264276228419657,0.5264046524716256
0.68,951446.2119999999,3315.334,954761.546,2796,321,4734,0.01639145982330669,0.8970163618864293,0.3713147410358566,0.5252183713722176
0.685,952423.0900000001,3266.6529,955689.7429000001,2783,315,4747,0.016291543962978543,0.8983214977404778,0.3695883134130146,0.5237109522017313
0.69,953919.888,3233.1857,957153.0737000001,2772,310,4758,0.016207404291123266,0.899415963659961,0.36812749003984063,0.5224274406332454
0.695,955666.719,3137.9291999999996,958804.6482,2758,305,4772,0.01610748843079512,0.900424420502775,0.3662682602921647,0.5207212310016048
0.7,957566.84,2969.8891000000003,960536.7291,2748,298,4782,0.016018090029448886,0.902166776099803,0.3649402390438247,0.5196671709531013
0.705,959604.341,2913.4399,962517.7809,2737,291,4793,0.015923432898611697,0.9038969616908851,0.36347941567065073,0.5184694070846751
0.71,961013.804,2876.1180999999997,963889.9221,2731,288,4799,0.0158761043331931,0.9046041735674064,0.3626826029216467,0.5177741966063134
0.715,962189.693,2738.8050000000003,964928.498,2719,277,4811,0.015755153554901136,0.907543391188251,0.36108897742363877,0.516625498764963
0.72,964179.2379999999,2675.5946999999996,966854.8326999999,2707,274,4823,0.01567627261253681,0.9080845353908085,0.3594953519256308,0.5150794405860527
0.725,965520.5129999999,2541.4779,968061.9909,2697,263,4833,0.015565839293226757,0.9111486486486486,0.35816733067729084,0.5142040038131553
0.73,966500.304,2539.4280999999996,969039.7321,2685,262,4845,0.015497475809844341,0.9110960298608755,0.3565737051792829,0.5125513028538704
0.735,969289.8579999999,2482.7281,971772.5860999998,2672,260,4858,0.015418594867480017,0.9113233287858117,0.3548472775564409,0.5108009940737909
0.74,971826.0930000001,2441.4209,974267.5139000001,2653,254,4877,0.015287126630206142,0.912624699002408,0.35232403718459493,0.5083836351441985
0.745,973265.578,2423.5784999999996,975689.1564999999,2638,250,4892,0.015187210769877998,0.9134349030470914,0.35033200531208497,0.5064311768093684
0.75,976907.23,2391.7323000000006,979298.9623,2619,244,4911,0.015055742532604123,0.9147747118407266,0.34780876494023905,0.5039930722601751
0.755,978657.4010000001,2367.8117,981025.2127,2602,240,4928,0.014945309213294069,0.9155524278676987,0.3455511288180611,0.5017354415734671
0.76,980721.023,2346.5736,983067.5966,2579,235,4951,0.014798064787547329,0.9164889836531628,0.34249667994687916,0.4986465583913379
0.765,982216.0439999999,2274.8956000000007,984490.9395999999,2566,229,4964,0.014698148927219185,0.9180679785330949,0.3407702523240372,0.4970460048426151
0.77,984153.39,2248.7517,986402.1417,2547,226,4983,0.014582456878418174,0.9184998196898666,0.33824701195219126,0.4944191012326507
0.775,985046.538,2182.896,987229.4339999999,2533,220,4997,0.014477282288599074,0.9200871776244097,0.33638778220451526,0.49265778469318283
0.78,987130.601,2050.6774,989181.2784000001,2522,215,5008,0.014393142616743794,0.9214468396054074,0.3349269588313413,0.49128275056004683
0.785,992235.4710000001,2026.3073000000002,994261.7783000001,2505,209,5025,0.01427219183845183,0.9229918938835667,0.33266932270916333,0.4890667707926591
0.79,993946.556,2001.0121000000001,995947.5681,2492,206,5038,0.01418805216659655,0.9236471460340994,0.33094289508632135,0.48728979272585055
0.795,998012.7609999999,1966.0674999999999,999978.8285,2459,200,5071,0.013982961716449306,0.9247837532907108,0.3265604249667995,0.48267739719305136
0.8,1001578.2150000001,1944.1888000000001,1003522.4038000001,2441,195,5089,0.013862010938157341,0.9260242792109257,0.32416998671978753,0.4802282116860122
0.805,1003052.1969999999,1846.2895,1004898.4864999999,2427,186,5103,0.013741060159865377,0.928817451205511,0.32231075697211153,0.4785566400473233
0.81,1005470.591,1760.8383,1007231.4293,2405,175,5125,0.013567522086663862,0.9321705426356589,0.3193891102257636,0.4757665677546983
0.815,1007657.449,1723.0089,1009380.4579,2387,171,5143,0.013451830037862853,0.9331508991399531,0.31699867197875164,0.4732355273592387
0.82,1008940.024,1691.9344,1010631.9584,2377,165,5153,0.013367690366007573,0.9350904799370574,0.3156706507304117,0.472001588562351
0.825,1010341.524,1675.0467,1012016.5706999999,2356,162,5174,0.013241480858224653,0.9356632247815727,0.31288180610889776,0.46894904458598735
0.83,1012963.771,1590.9913,1014554.7623,2334,157,5196,0.013099495161968868,0.9369731031714171,0.3099601593625498,0.46582177427402455
0.835,1014021.408,1544.5399,1015565.9479,2320,152,5210,0.012999579301640724,0.9385113268608414,0.30810092961487384,0.46390721855628875
0.84,1016970.358,1538.5038,1018508.8618,2295,151,5235,0.012862852334875894,0.9382665576451349,0.3047808764940239,0.4601042502004812
0.845,1019286.2609999999,1514.3869,1020800.6479,2271,148,5259,0.012720866638620109,0.9388176932616784,0.30159362549800794,0.4565282943009347
0.85,1020959.646,1457.3377999999998,1022416.9837999999,2250,142,5280,0.012578880942364324,0.9406354515050167,0.29880478087649404,0.4535375932271719
0.855,1025461.974,1291.7467,1026753.7207000001,2219,135,5311,0.012379049221708035,0.9426508071367884,0.2946879150066401,0.4490084985835694
0.86,1029928.194,1271.8318,1031200.0258000001,2182,131,5348,0.012163441312578882,0.9433635970600951,0.2897742363877822,0.443360763994717
0.865,1033794.3900000001,1187.8195,1034982.2095000001,2161,123,5369,0.012010938157341186,0.9461471103327496,0.28698539176626825,0.4403912777664561
0.87,1035732.5560000001,1121.6619000000003,1036854.2179,2134,117,5396,0.011837400084139672,0.9480231008440693,0.28339973439575034,0.43635620079746446
0.875,1038443.7629999999,1061.9932,1039505.7562,2112,113,5418,0.011700673117374842,0.9492134831460675,0.2804780876494024,0.4330087134802666
0.88,1041806.3599999999,981.2497,1042787.6096999999,2087,109,5443,0.011548169962137148,0.9503642987249544,0.2771580345285525,0.42915895537733906
0.885,1044035.8200000001,973.5459999999999,1045009.366,2060,108,5470,0.011400925536390409,0.9501845018450185,0.2735723771580345,0.42482986182718085
0.89,1051434.758,951.6314000000001,1052386.3894,2027,105,5503,0.01121161127471603,0.950750469043152,0.26918990703851264,0.4195818671082591
0.895,1053996.316,917.2022999999999,1054913.5183,2001,100,5529,0.011048590660496424,0.9524036173250833,0.2657370517928287,0.4155331741252206
0.9,1057591.662,853.8313,1058445.4933,1970,97,5560,0.010869793857803954,0.9530720851475568,0.26162018592297476,0.4105449619672814
0.905,1062467.287,837.7532,1063305.0402,1935,93,5595,0.01066470340765671,0.9541420118343196,0.25697211155378485,0.4048964218455744
0.91,1065649.801,810.1410999999999,1066459.9420999999,1899,91,5631,0.01046487168700042,0.9542713567839196,0.25219123505976093,0.3989495798319328
0.915,1069768.2829999998,712.5323000000001,1070480.8153,1859,85,5671,0.010222970130416491,0.956275720164609,0.24687915006640107,0.3924424741397509
0.92,1076229.54,624.5308,1076854.0708,1811,80,5719,0.009944257467395877,0.9576943416181914,0.2405046480743692,0.3844602483812759
0.925,1082524.898,568.4172,1083093.3152,1766,72,5764,0.009665544804375262,0.9608269858541894,0.23452855245683932,0.3770281810418446
0.93,1089709.7010000001,541.8016,1090251.5026,1717,68,5813,0.009386832141354648,0.9619047619047619,0.22802124833997345,0.3686527106816962
0.935,1095356.727,534.0859,1095890.8129,1668,67,5862,0.0091238956668069,0.9613832853025936,0.22151394422310758,0.3600647598488937
0.94,1100477.43,518.8598,1100996.2898,1622,64,5908,0.008866217921750106,0.9620403321470937,0.21540504648074368,0.35199652777777773
0.945,1104713.8479999998,514.7572,1105228.6051999999,1575,63,5955,0.008613798906184265,0.9615384615384616,0.20916334661354583,0.343586387434555
0.95,1112038.042,460.31489999999997,1112498.3569,1523,56,6007,0.008303533866217922,0.9645345155161494,0.20225763612217795,0.33439455483587666
0.955,1121191.811,430.23099999999994,1121622.042,1466,50,6064,0.007972233908287758,0.9670184696569921,0.1946879150066401,0.32412115852310414
0.96,1128886.639,339.5788999999999,1129226.2179,1376,42,6154,0.007456878418174169,0.9703808180535967,0.18273572377158034,0.3075547608404113
0.965,1137823.1739999999,273.3952999999999,1138096.5692999999,1287,38,6243,0.006967816575515356,0.9713207547169811,0.17091633466135459,0.2906832298136646
0.97,1146660.949,253.85280000000003,1146914.8018,1184,35,6346,0.006410391249474127,0.9712879409351928,0.15723771580345286,0.2706595039433078
0.975,1154648.082,242.8925,1154890.9745,1099,33,6431,0.005952881783761043,0.9708480565371025,0.14594953519256307,0.2537520203186331
0.98,1167429.766,227.41250000000005,1167657.1785000002,974,29,6556,0.00527450567942785,0.9710867397806581,0.12934926958831341,0.22829016758467124
0.985,1186188.1679999998,198.80919999999998,1186386.9771999998,815,23,6715,0.004406815313420277,0.9725536992840096,0.10823373173970784,0.19478967495219887
0.99,1211153.459,156.2489,1211309.7079,595,14,6935,0.003202566259991586,0.9770114942528736,0.07901726427622842,0.14620960805995822
