column,family,dtype,n_unique,bucket,null_frac
TransactionDT,time,numeric,573349,">100,000",0.0
id_02,identity,numeric,115655,">100,000",0.7614522301622244
V307,vesta,numeric,37367,"≤100,000",2.0320384732617603e-05
V127,vesta,numeric,24414,"≤100,000",0.0005317167338368274
V308,vesta,numeric,23064,"≤100,000",2.0320384732617603e-05
TransactionAmt,transaction,numeric,20902,"≤100,000",0.0
V310,vesta,numeric,19136,"≤100,000",2.0320384732617603e-05
V306,vesta,numeric,16210,"≤100,000",2.0320384732617603e-05
V317,vesta,numeric,15184,"≤100,000",2.0320384732617603e-05
V203,vesta,numeric,14951,"≤100,000",0.763553696616656
V128,vesta,numeric,14507,"≤100,000",0.0005317167338368274
card1,card,numeric,13553,"≤100,000",0.0
V264,vesta,numeric,13358,"≤100,000",0.7791343516103905
V204,vesta,numeric,12858,"≤100,000",0.763553696616656
D8,time deltas,numeric,12353,"≤100,000",0.8731229044603245
V130,vesta,numeric,12332,"≤100,000",0.0005317167338368274
V318,vesta,numeric,12309,"≤100,000",2.0320384732617603e-05
V265,vesta,numeric,11757,"≤100,000",0.7791343516103905
V314,vesta,numeric,11377,"≤100,000",0.0021488806854743116
V202,vesta,numeric,10970,"≤100,000",0.763553696616656
V263,vesta,numeric,10422,"≤100,000",0.7791343516103905
V126,vesta,numeric,10299,"≤100,000",0.0005317167338368274
V133,vesta,numeric,9949,"≤100,000",0.0005317167338368274
V316,vesta,numeric,9814,"≤100,000",2.0320384732617603e-05
V160,vesta,numeric,9621,"≤100,000",0.8612270125647712
V212,vesta,numeric,8868,"≤100,000",0.763553696616656
V213,vesta,numeric,8317,"≤100,000",0.763553696616656
V274,vesta,numeric,8315,"≤100,000",0.7791343516103905
V134,vesta,numeric,8178,"≤100,000",0.0005317167338368274
V312,vesta,numeric,8068,"≤100,000",2.0320384732617603e-05
V275,vesta,numeric,7776,"≤100,000",0.7791343516103905
V211,vesta,numeric,7624,"≤100,000",0.763553696616656
V273,vesta,numeric,7177,"≤100,000",0.7791343516103905
V315,vesta,numeric,6973,"≤100,000",0.0021488806854743116
V159,vesta,numeric,6663,"≤100,000",0.8612270125647712
V132,vesta,numeric,6560,"≤100,000",0.0005317167338368274
V320,vesta,numeric,6439,"≤100,000",2.0320384732617603e-05
V321,vesta,numeric,5560,"≤100,000",2.0320384732617603e-05
V313,vesta,numeric,5529,"≤100,000",0.0021488806854743116
V136,vesta,numeric,4852,"≤100,000",0.0005317167338368274
V319,vesta,numeric,4799,"≤100,000",2.0320384732617603e-05
V131,vesta,numeric,4444,"≤100,000",0.0005317167338368274
V137,vesta,numeric,4252,"≤100,000",0.0005317167338368274
V309,vesta,numeric,4236,"≤100,000",2.0320384732617603e-05
V135,vesta,numeric,3724,"≤100,000",0.0005317167338368274
V267,vesta,numeric,3616,"≤100,000",0.7791343516103905
V209,vesta,numeric,3451,"≤100,000",0.7632353439225116
V207,vesta,numeric,3246,"≤100,000",0.763553696616656
V311,vesta,numeric,3098,"≤100,000",2.0320384732617603e-05
V210,vesta,numeric,2836,"≤100,000",0.7632353439225116
V271,vesta,numeric,2787,"≤100,000",0.7605310393876791
V268,vesta,numeric,2756,"≤100,000",0.7791343516103905
V215,vesta,numeric,2747,"≤100,000",0.763553696616656
dist1,distance,numeric,2651,"≤100,000",0.596523520845328
V208,vesta,numeric,2552,"≤100,000",0.7632353439225116
V165,vesta,numeric,2547,"≤100,000",0.8612270125647712
V277,vesta,numeric,2540,"≤100,000",0.7791343516103905
V216,vesta,numeric,2532,"≤100,000",0.763553696616656
V272,vesta,numeric,2507,"≤100,000",0.7605310393876791
V332,vesta,numeric,2453,"≤100,000",0.8605496664070174
V278,vesta,numeric,2398,"≤100,000",0.7791343516103905
V270,vesta,numeric,2340,"≤100,000",0.7605310393876791
V214,vesta,numeric,2282,"≤100,000",0.763553696616656
V276,vesta,numeric,2263,"≤100,000",0.7791343516103905
V205,vesta,numeric,2240,"≤100,000",0.763553696616656
V266,vesta,numeric,2178,"≤100,000",0.7791343516103905
V150,vesta,numeric,1996,"≤100,000",0.8612270125647712
V164,vesta,numeric,1978,"≤100,000",0.8612270125647712
V333,vesta,numeric,1971,"≤100,000",0.8605496664070174
V129,vesta,numeric,1968,"≤100,000",0.0005317167338368274
DeviceInfo,device,string,1786,"≤100,000",0.7990551021099332
V206,vesta,numeric,1780,"≤100,000",0.763553696616656
V331,vesta,numeric,1758,"≤100,000",0.8605496664070174
dist2,distance,numeric,1751,"≤100,000",0.9362837403054831
C1,counts,numeric,1657,"≤100,000",0.0
C13,counts,numeric,1597,"≤100,000",0.0
C11,counts,numeric,1476,"≤100,000",0.0
V323,vesta,numeric,1411,"≤100,000",0.8605496664070174
V96,vesta,numeric,1410,"≤100,000",0.0005317167338368274
C6,counts,numeric,1328,"≤100,000",0.0
V294,vesta,numeric,1286,"≤100,000",2.0320384732617603e-05
V102,vesta,numeric,1285,"≤100,000",0.0005317167338368274
C4,counts,numeric,1260,"≤100,000",0.0
C8,counts,numeric,1253,"≤100,000",0.0
V178,vesta,numeric,1236,"≤100,000",0.763553696616656
C10,counts,numeric,1231,"≤100,000",0.0
C2,counts,numeric,1216,"≤100,000",0.0
C12,counts,numeric,1199,"≤100,000",0.0
C14,counts,numeric,1108,"≤100,000",0.0
C7,counts,numeric,1103,"≤100,000",0.0
V166,vesta,numeric,987,"≤1,000",0.8612270125647712
V97,vesta,numeric,976,"≤1,000",0.0005317167338368274
V324,vesta,numeric,976,"≤1,000",0.8605496664070174
V280,vesta,numeric,975,"≤1,000",2.0320384732617603e-05
V168,vesta,numeric,965,"≤1,000",0.763553696616656
V295,vesta,numeric,928,"≤1,000",2.0320384732617603e-05
V103,vesta,numeric,928,"≤1,000",0.0005317167338368274
V179,vesta,numeric,921,"≤1,000",0.763553696616656
V279,vesta,numeric,881,"≤1,000",2.0320384732617603e-05
V322,vesta,numeric,881,"≤1,000",0.8605496664070174
V95,vesta,numeric,881,"≤1,000",0.0005317167338368274
V167,vesta,numeric,873,"≤1,000",0.763553696616656
V293,vesta,numeric,870,"≤1,000",2.0320384732617603e-05
V101,vesta,numeric,870,"≤1,000",0.0005317167338368274
V143,vesta,numeric,870,"≤1,000",0.8612270125647712
V177,vesta,numeric,862,"≤1,000",0.763553696616656
D15,time deltas,numeric,859,"≤1,000",0.1509008703898127
D6,time deltas,numeric,829,"≤1,000",0.8760676668811597
D10,time deltas,numeric,818,"≤1,000",0.1287330240119213
D4,time deltas,numeric,808,"≤1,000",0.2860466691502693
D14,time deltas,numeric,802,"≤1,000",0.8946946862193924
D5,time deltas,numeric,688,"≤1,000",0.524674027161581
D11,time deltas,numeric,676,"≤1,000",0.47293494090154775
V335,vesta,numeric,672,"≤1,000",0.8605496664070174
D3,time deltas,numeric,649,"≤1,000",0.44514850814508755
D2,time deltas,numeric,641,"≤1,000",0.4754919226470688
D1,time deltas,numeric,641,"≤1,000",0.0021488806854743116
D12,time deltas,numeric,635,"≤1,000",0.8904104717715988
D7,time deltas,numeric,597,"≤1,000",0.9340992989467267
D13,time deltas,numeric,577,"≤1,000",0.8950926270870728
id_19,identity,numeric,522,"≤1,000",0.7640837199850984
card2,card,numeric,500,"≤1,000",0.015126833068039422
id_21,identity,numeric,490,"≤1,000",0.9912639279303688
V218,vesta,numeric,401,"≤1,000",0.7791343516103905
id_20,identity,numeric,394,"≤1,000",0.7641802418125783
V338,vesta,numeric,380,"≤1,000",0.8605496664070174
V219,vesta,numeric,379,"≤1,000",0.7791343516103905
id_11,identity,numeric,365,"≤1,000",0.7612727334304196
V336,vesta,numeric,356,"≤1,000",0.8605496664070174
id_25,identity,numeric,341,"≤1,000",0.9913096487960172
V232,vesta,numeric,338,"≤1,000",0.7791343516103905
V339,vesta,numeric,334,"≤1,000",0.8605496664070174
V233,vesta,numeric,333,"≤1,000",0.7791343516103905
addr1,address,numeric,332,"≤1,000",0.1112642666034477
C5,counts,numeric,319,"≤1,000",0.0
V217,vesta,numeric,304,"≤1,000",0.7791343516103905
V231,vesta,numeric,294,"≤1,000",0.7791343516103905
id_33,identity,string,260,"≤1,000",0.8758949436109323
V145,vesta,numeric,260,"≤1,000",0.8612270125647712
V337,vesta,numeric,254,"≤1,000",0.8605496664070174
V291,vesta,numeric,219,"≤1,000",2.0320384732617603e-05
V187,vesta,numeric,215,"≤1,000",0.763553696616656
C9,counts,numeric,205,"≤1,000",0.0
V162,vesta,numeric,185,"≤1,000",0.8612371727571375
V292,vesta,numeric,173,"≤1,000",2.0320384732617603e-05
V269,vesta,numeric,151,"≤1,000",0.7791343516103905
V334,vesta,numeric,143,"≤1,000",0.8605496664070174
id_31,identity,string,130,"≤1,000",0.7624513157449114
V234,vesta,numeric,122,"≤1,000",0.7605310393876791
card5,card,numeric,119,"≤1,000",0.007212043214684865
card3,card,numeric,114,"≤1,000",0.0026501168422122124
V163,vesta,numeric,106,"≤1,000",0.8612371727571375
id_17,identity,numeric,104,"≤1,000",0.7639973583499847
id_06,identity,numeric,101,"≤1,000",0.7682375452975243
V329,vesta,numeric,100,≤100,0.8605496664070174
V105,vesta,numeric,100,≤100,0.0005317167338368274
V285,vesta,numeric,96,≤100,2.0320384732617603e-05
id_26,identity,numeric,95,≤100,0.9912571544687913
V296,vesta,numeric,94,≤100,0.0021488806854743116
id_08,identity,numeric,94,≤100,0.9912707013919464
V298,vesta,numeric,94,≤100,2.0320384732617603e-05
id_05,identity,numeric,93,≤100,0.7682375452975243
V229,vesta,numeric,91,≤100,0.7791343516103905
V99,vesta,numeric,89,≤100,0.0005317167338368274
V180,vesta,numeric,84,≤100,0.7632353439225116
id_07,identity,numeric,84,≤100,0.9912707013919464
V182,vesta,numeric,84,≤100,0.763553696616656
V226,vesta,numeric,81,≤100,0.7791343516103905
V224,vesta,numeric,79,≤100,0.7791343516103905
V161,vesta,numeric,79,≤100,0.8612371727571375
V221,vesta,numeric,77,≤100,0.7605310393876791
id_01,identity,numeric,77,≤100,0.7557608290716971
V222,vesta,numeric,76,≤100,0.7605310393876791
id_30,identity,string,75,≤100,0.868654113184543
addr2,address,numeric,74,≤100,0.1112642666034477
V259,vesta,numeric,68,≤100,0.7605310393876791
V258,vesta,numeric,67,≤100,0.7791343516103905
V230,vesta,numeric,66,≤100,0.7791343516103905
V253,vesta,numeric,66,≤100,0.7791343516103905
V144,vesta,numeric,63,≤100,0.8612270125647712
V171,vesta,numeric,62,≤100,0.7632353439225116
V283,vesta,numeric,62,≤100,0.0021488806854743116
id_10,identity,numeric,62,≤100,0.8731229044603245
R_emaildomain,email,string,60,≤100,0.7675161716395164
P_emaildomain,email,string,59,≤100,0.1599485216920107
V290,vesta,numeric,58,≤100,2.0320384732617603e-05
V245,vesta,numeric,58,≤100,0.7605310393876791
V330,vesta,numeric,56,≤100,0.8605496664070174
V151,vesta,numeric,56,≤100,0.8612270125647712
V201,vesta,numeric,56,≤100,0.7632353439225116
V106,vesta,numeric,56,≤100,0.0005317167338368274
V37,vesta,numeric,55,≤100,0.2861262573238053
V38,vesta,numeric,55,≤100,0.2861262573238053
V228,vesta,numeric,55,≤100,0.7791343516103905
id_13,identity,numeric,54,≤100,0.7844007179869272
V56,vesta,numeric,52,≤100,0.13055169844549055
V299,vesta,numeric,50,≤100,2.0320384732617603e-05
V227,vesta,numeric,50,≤100,0.7605310393876791
V45,vesta,numeric,49,≤100,0.2861262573238053
V44,vesta,numeric,49,≤100,0.2861262573238053
V176,vesta,numeric,49,≤100,0.763553696616656
V170,vesta,numeric,49,≤100,0.7632353439225116
V257,vesta,numeric,49,≤100,0.7791343516103905
V256,vesta,numeric,48,≤100,0.7605310393876791
V236,vesta,numeric,46,≤100,0.7791343516103905
V199,vesta,numeric,46,≤100,0.763553696616656
V246,vesta,numeric,46,≤100,0.7791343516103905
V200,vesta,numeric,46,≤100,0.7632353439225116
id_09,identity,numeric,46,≤100,0.8731229044603245
V255,vesta,numeric,46,≤100,0.7605310393876791
V254,vesta,numeric,45,≤100,0.7791343516103905
V326,vesta,numeric,45,≤100,0.8605496664070174
V192,vesta,numeric,45,≤100,0.763553696616656
V243,vesta,numeric,43,≤100,0.7791343516103905
V190,vesta,numeric,43,≤100,0.763553696616656
V183,vesta,numeric,42,≤100,0.763553696616656
V261,vesta,numeric,41,≤100,0.7791343516103905
V237,vesta,numeric,40,≤100,0.7791343516103905
V196,vesta,numeric,39,≤100,0.763553696616656
V152,vesta,numeric,39,≤100,0.8612270125647712
V186,vesta,numeric,39,≤100,0.763553696616656
V193,vesta,numeric,38,≤100,0.763553696616656
V225,vesta,numeric,35,≤100,0.7791343516103905
V140,vesta,numeric,34,≤100,0.8612371727571375
V139,vesta,numeric,34,≤100,0.8612371727571375
V282,vesta,numeric,33,≤100,0.0021488806854743116
V287,vesta,numeric,32,≤100,2.0320384732617603e-05
V172,vesta,numeric,32,≤100,0.763553696616656
V78,vesta,numeric,32,≤100,0.15098723202492634
V185,vesta,numeric,32,≤100,0.7632353439225116
V87,vesta,numeric,31,≤100,0.15098723202492634
V86,vesta,numeric,31,≤100,0.15098723202492634
V189,vesta,numeric,31,≤100,0.7632353439225116
V188,vesta,numeric,31,≤100,0.7632353439225116
V77,vesta,numeric,31,≤100,0.15098723202492634
V100,vesta,numeric,29,≤100,0.0005317167338368274
V147,vesta,numeric,27,≤100,0.8612371727571375
C3,counts,numeric,27,≤100,0.0
V220,vesta,numeric,26,≤100,0.7605310393876791
V181,vesta,numeric,25,≤100,0.763553696616656
V157,vesta,numeric,25,≤100,0.8612371727571375
V156,vesta,numeric,25,≤100,0.8612371727571375
V155,vesta,numeric,25,≤100,0.8612371727571375
id_22,identity,numeric,25,≤100,0.9912469942764249
V158,vesta,numeric,25,≤100,0.8612371727571375
id_14,identity,numeric,25,≤100,0.8644562603718631
V252,vesta,numeric,25,≤100,0.7791343516103905
V146,vesta,numeric,25,≤100,0.8612371727571375
V239,vesta,numeric,24,≤100,0.7605310393876791
V235,vesta,numeric,24,≤100,0.7791343516103905
id_03,identity,numeric,24,≤100,0.8876892335828225
V238,vesta,numeric,24,≤100,0.7605310393876791
D9,time deltas,numeric,24,≤100,0.8731229044603245
V244,vesta,numeric,23,≤100,0.7791343516103905
V248,vesta,numeric,23,≤100,0.7791343516103905
V281,vesta,numeric,23,≤100,0.0021488806854743116
V249,vesta,numeric,23,≤100,0.7791343516103905
V138,vesta,numeric,23,≤100,0.8612371727571375
V198,vesta,numeric,22,≤100,0.7632353439225116
V191,vesta,numeric,22,≤100,0.763553696616656
V303,vesta,numeric,21,≤100,2.0320384732617603e-05
V149,vesta,numeric,21,≤100,0.8612371727571375
V262,vesta,numeric,21,≤100,0.7791343516103905
V148,vesta,numeric,21,≤100,0.8612371727571375
V242,vesta,numeric,21,≤100,0.7791343516103905
V169,vesta,numeric,20,≤100,0.7632353439225116
V81,vesta,numeric,20,≤100,0.15098723202492634
V80,vesta,numeric,20,≤100,0.15098723202492634
V247,vesta,numeric,19,≤100,0.7791343516103905
V154,vesta,numeric,19,≤100,0.8612371727571375
V153,vesta,numeric,19,≤100,0.8612371727571375
V327,vesta,numeric,19,≤100,0.8605496664070174
V251,vesta,numeric,19,≤100,0.7605310393876791
V250,vesta,numeric,19,≤100,0.7605310393876791
id_18,identity,numeric,18,≤100,0.9236072069631185
V40,vesta,numeric,18,≤100,0.2861262573238053
V55,vesta,numeric,18,≤100,0.13055169844549055
V59,vesta,numeric,17,≤100,0.13055169844549055
V304,vesta,numeric,17,≤100,2.0320384732617603e-05
V60,vesta,numeric,17,≤100,0.13055169844549055
V223,vesta,numeric,17,≤100,0.7791343516103905
V184,vesta,numeric,17,≤100,0.7632353439225116
V302,vesta,numeric,17,≤100,2.0320384732617603e-05
V195,vesta,numeric,17,≤100,0.7632353439225116
V328,vesta,numeric,16,≤100,0.8605496664070174
V39,vesta,numeric,16,≤100,0.2861262573238053
V17,vesta,numeric,16,≤100,0.1288193856470349
V18,vesta,numeric,16,≤100,0.1288193856470349
V104,vesta,numeric,16,≤100,0.0005317167338368274
id_04,identity,numeric,15,≤100,0.8876892335828225
V16,vesta,numeric,15,≤100,0.1288193856470349
V20,vesta,numeric,15,≤100,0.1288193856470349
V32,vesta,numeric,15,≤100,0.1288193856470349
V197,vesta,numeric,15,≤100,0.7632353439225116
V175,vesta,numeric,15,≤100,0.7632353439225116
V301,vesta,numeric,14,≤100,0.0021488806854743116
V24,vesta,numeric,14,≤100,0.1288193856470349
V123,vesta,numeric,14,≤100,0.0005317167338368274
V23,vesta,numeric,14,≤100,0.1288193856470349
V124,vesta,numeric,14,≤100,0.0005317167338368274
V125,vesta,numeric,14,≤100,0.0005317167338368274
V289,vesta,numeric,13,≤100,0.0021488806854743116
V284,vesta,numeric,13,≤100,2.0320384732617603e-05
V325,vesta,numeric,13,≤100,0.8605496664070174
V98,vesta,numeric,13,≤100,0.0005317167338368274
V297,vesta,numeric,13,≤100,2.0320384732617603e-05
V34,vesta,numeric,13,≤100,0.1288193856470349
V26,vesta,numeric,13,≤100,0.1288193856470349
id_24,identity,numeric,12,≤100,0.9919615944728554
V300,vesta,numeric,12,≤100,0.0021488806854743116
V72,vesta,numeric,11,≤100,0.13055169844549055
V58,vesta,numeric,11,≤100,0.13055169844549055
V62,vesta,numeric,11,≤100,0.13055169844549055
V288,vesta,numeric,11,≤100,0.0021488806854743116
V7,vesta,numeric,10,≤10,0.47293494090154775
V113,vesta,numeric,10,≤10,0.0005317167338368274
V6,vesta,numeric,10,≤10,0.47293494090154775
V112,vesta,numeric,10,≤10,0.0005317167338368274
V142,vesta,numeric,10,≤10,0.8612371727571375
V3,vesta,numeric,10,≤10,0.47293494090154775
V111,vesta,numeric,10,≤10,0.0005317167338368274
V47,vesta,numeric,9,≤10,0.2861262573238053
V286,vesta,numeric,9,≤10,2.0320384732617603e-05
V22,vesta,numeric,9,≤10,0.1288193856470349
V74,vesta,numeric,9,≤10,0.13055169844549055
V52,vesta,numeric,9,≤10,0.2861262573238053
V42,vesta,numeric,9,≤10,0.2861262573238053
V67,vesta,numeric,9,≤10,0.13055169844549055
V2,vesta,numeric,9,≤10,0.47293494090154775
V260,vesta,numeric,9,≤10,0.7791343516103905
V8,vesta,numeric,9,≤10,0.47293494090154775
V174,vesta,numeric,9,≤10,0.7632353439225116
V43,vesta,numeric,9,≤10,0.2861262573238053
V9,vesta,numeric,9,≤10,0.47293494090154775
V92,vesta,numeric,8,≤10,0.15098723202492634
V85,vesta,numeric,8,≤10,0.15098723202492634
V31,vesta,numeric,8,≤10,0.1288193856470349
V66,vesta,numeric,8,≤10,0.13055169844549055
V64,vesta,numeric,8,≤10,0.13055169844549055
V84,vesta,numeric,8,≤10,0.15098723202492634
V82,vesta,numeric,8,≤10,0.15098723202492634
V63,vesta,numeric,8,≤10,0.13055169844549055
V79,vesta,numeric,8,≤10,0.15098723202492634
V73,vesta,numeric,8,≤10,0.13055169844549055
V93,vesta,numeric,8,≤10,0.15098723202492634
V30,vesta,numeric,8,≤10,0.1288193856470349
V83,vesta,numeric,8,≤10,0.15098723202492634
V173,vesta,numeric,8,≤10,0.763553696616656
V109,vesta,numeric,8,≤10,0.0005317167338368274
V110,vesta,numeric,8,≤10,0.0005317167338368274
V19,vesta,numeric,8,≤10,0.1288193856470349
V15,vesta,numeric,8,≤10,0.1288193856470349
V194,vesta,numeric,8,≤10,0.7632353439225116
V108,vesta,numeric,8,≤10,0.0005317167338368274
V76,vesta,numeric,7,≤10,0.15098723202492634
V13,vesta,numeric,7,≤10,0.1288193856470349
V61,vesta,numeric,7,≤10,0.13055169844549055
V4,vesta,numeric,7,≤10,0.47293494090154775
V70,vesta,numeric,7,≤10,0.13055169844549055
V57,vesta,numeric,7,≤10,0.13055169844549055
V71,vesta,numeric,7,≤10,0.13055169844549055
V54,vesta,numeric,7,≤10,0.13055169844549055
V51,vesta,numeric,7,≤10,0.2861262573238053
V5,vesta,numeric,7,≤10,0.47293494090154775
V46,vesta,numeric,7,≤10,0.2861262573238053
V33,vesta,numeric,7,≤10,0.1288193856470349
V91,vesta,numeric,7,≤10,0.15098723202492634
V116,vesta,numeric,7,≤10,0.0005317167338368274
V115,vesta,numeric,7,≤10,0.0005317167338368274
V114,vesta,numeric,7,≤10,0.0005317167338368274
V25,vesta,numeric,7,≤10,0.1288193856470349
V49,vesta,numeric,6,≤10,0.2861262573238053
V48,vesta,numeric,6,≤10,0.2861262573238053
V50,vesta,numeric,6,≤10,0.2861262573238053
V36,vesta,numeric,6,≤10,0.2861262573238053
V53,vesta,numeric,6,≤10,0.13055169844549055
V29,vesta,numeric,6,≤10,0.1288193856470349
V141,vesta,numeric,6,≤10,0.8612371727571375
V21,vesta,numeric,6,≤10,0.1288193856470349
V240,vesta,numeric,6,≤10,0.7791343516103905
V11,vesta,numeric,6,≤10,0.47293494090154775
V90,vesta,numeric,6,≤10,0.15098723202492634
V69,vesta,numeric,6,≤10,0.13055169844549055
ProductCD,product,string,5,≤10,0.0
V241,vesta,numeric,5,≤10,0.7791343516103905
V10,vesta,numeric,5,≤10,0.47293494090154775
V75,vesta,numeric,5,≤10,0.15098723202492634
id_32,identity,numeric,4,≤10,0.8686185525112609
id_34,identity,string,4,≤10,0.8682477054898906
V122,vesta,numeric,4,≤10,0.0005317167338368274
V28,vesta,numeric,4,≤10,0.1288193856470349
V121,vesta,numeric,4,≤10,0.0005317167338368274
V120,vesta,numeric,4,≤10,0.0005317167338368274
V117,vesta,numeric,4,≤10,0.0005317167338368274
card6,card,string,4,≤10,0.0026602770345785214
V119,vesta,numeric,4,≤10,0.0005317167338368274
V118,vesta,numeric,4,≤10,0.0005317167338368274
card4,card,string,4,≤10,0.00267043722694483
V12,vesta,numeric,4,≤10,0.1288193856470349
V35,vesta,numeric,4,≤10,0.2861262573238053
V27,vesta,numeric,4,≤10,0.1288193856470349
M4,match,string,3,≤10,0.47658753005723575
id_23,identity,string,3,≤10,0.9912469942764249
V89,vesta,numeric,3,≤10,0.15098723202492634
V94,vesta,numeric,3,≤10,0.15098723202492634
V68,vesta,numeric,3,≤10,0.13055169844549055
id_15,identity,string,3,≤10,0.7612608798726589
id_28,identity,string,2,≤10,0.7612727334304196
DeviceType,device,string,2,≤10,0.7615572188166763
id_38,identity,string,2,≤10,0.7612608798726589
id_37,identity,string,2,≤10,0.7612608798726589
id_36,identity,string,2,≤10,0.7612608798726589
id_29,identity,string,2,≤10,0.7612727334304196
id_27,identity,string,2,≤10,0.9912469942764249
id_35,identity,string,2,≤10,0.7612608798726589
M1,match,string,2,≤10,0.4590713584177194
id_16,identity,string,2,≤10,0.7809801198902699
M9,match,string,2,≤10,0.5863311545365258
M2,match,string,2,≤10,0.4590713584177194
M3,match,string,2,≤10,0.4590713584177194
M5,match,string,2,≤10,0.5934940901547736
M6,match,string,2,≤10,0.28678836319300977
M7,match,string,2,≤10,0.5863531682866528
M8,match,string,2,≤10,0.5863311545365258
V1,vesta,numeric,2,≤10,0.47293494090154775
id_12,identity,string,2,≤10,0.7557608290716971
V14,vesta,numeric,2,≤10,0.1288193856470349
V107,vesta,numeric,2,≤10,0.0005317167338368274
V305,vesta,numeric,2,≤10,2.0320384732617603e-05
V88,vesta,numeric,2,≤10,0.15098723202492634
V65,vesta,numeric,2,≤10,0.13055169844549055
V41,vesta,numeric,2,≤10,0.2861262573238053
has_identity,has_identity,numeric,2,≤10,0.0
