policy,review_catch_rate,reviewed_per_day,review_precision,recall_block_plus_review,fraud_amount_caught_share,cost_per_transaction
fixed band (old promotion),1.0,200.0,0.148,0.776005547850208,0.7739573872636175,1.847832869338225
fixed band (old promotion),0.9,200.0,0.148,0.7452149791955617,0.7338275032278889,2.0804835407553735
fixed band (old promotion),0.7,200.0,0.148,0.6836338418862691,0.6535677351564316,2.545784883589671
pooled window (old reference),1.0,200.0,0.148,0.776005547850208,0.7739573872636175,1.847832869338225
pooled window (old reference),0.9,200.0,0.148,0.7452149791955617,0.7338275032278889,2.0804835407553735
pooled window (old reference),0.7,200.0,0.148,0.6836338418862691,0.6535677351564316,2.545784883589671
daily upload (served; gated),1.0,200.0,0.14933333333333335,0.7787794729542302,0.7765497083511287,1.8321067699073423
daily upload (served; gated),0.9,200.0,0.14933333333333335,0.7477115117891817,0.7361605922066489,2.066300250928931
daily upload (served; gated),0.7,200.0,0.14933333333333335,0.6855755894590846,0.6553823599176894,2.5346872129721087
hourly requests (served),1.0,200.0,0.13416666666666666,0.7472260748959778,0.7414103288638111,2.022324130567706
hourly requests (served),0.9,200.0,0.13416666666666666,0.7193134535367545,0.704535150668063,2.2359121802831474
hourly requests (served),0.7,200.0,0.13416666666666666,0.6634882108183079,0.6307847942765671,2.6630882797140307
15-minute requests (served),1.0,200.0,0.1195,0.7167128987517337,0.6853893608788907,2.3401464258501483
15-minute requests (served),0.9,200.0,0.1195,0.6918515950069348,0.6541162794816346,2.5218909757302104
15-minute requests (served),0.7,200.0,0.1195,0.642128987517337,0.5915701166871229,2.8853800754903345
