threshold,precision,recall,f1,tp,fp,tn,fn,n_flagged,flagged_per_day,fraud_caught_per_day
0.01,0.06810018326206475,0.9663661581137309,0.12723412997329317,2787,38138,44022,97,40925,1364.1666666666667,92.9
0.015,0.0875881841316883,0.9427877947295423,0.16028531847790847,2719,28324,53836,165,31043,1034.7666666666667,90.63333333333334
0.02,0.10891089108910891,0.9230235783633842,0.19483276000878283,2662,21780,60380,222,24442,814.7333333333333,88.73333333333333
0.025,0.1296407485239668,0.8984049930651873,0.2265850459116747,2591,17395,64765,293,19986,666.2,86.36666666666666
0.03,0.14993450041681552,0.8730929264909847,0.2559203171053969,2518,14276,67884,366,16794,559.8,83.93333333333334
0.035,0.17094786401717094,0.8561026352288488,0.28498874588792056,2469,11974,70186,415,14443,481.43333333333334,82.3
0.04,0.1911694888431714,0.8377253814147018,0.31130009019456256,2416,10222,71938,468,12638,421.26666666666665,80.53333333333333
0.045,0.2111734830259289,0.8217753120665742,0.33600340256610195,2370,8853,73307,514,11223,374.1,79.0
0.05,0.23176050753370342,0.8106796116504854,0.3604687018193032,2338,7750,74410,546,10088,336.26666666666665,77.93333333333334
0.055,0.2507091424830897,0.7968099861303745,0.3814107883817427,2298,6868,75292,586,9166,305.53333333333336,76.6
0.06,0.2686779902601259,0.7843273231622746,0.4002477218437583,2262,6157,76003,622,8419,280.6333333333333,75.4
0.065,0.28727928856811447,0.7728848821081831,0.41886686084750546,2229,5530,76630,655,7759,258.6333333333333,74.3
0.07,0.30254910154617637,0.753120665742025,0.43168041339560764,2172,5007,77153,712,7179,239.3,72.4
0.075,0.3181953988646549,0.7385575589459085,0.4447692628941324,2130,4564,77596,754,6694,223.13333333333333,71.0
0.08,0.33476394849785407,0.7302357836338419,0.45907356948228883,2106,4185,77975,778,6291,209.7,70.2
0.085,0.3484185733512786,0.7180998613037448,0.46918894426823754,2071,3873,78287,813,5944,198.13333333333333,69.03333333333333
0.09,0.3641876226145889,0.7080443828016644,0.48097986102932516,2042,3565,78595,842,5607,186.9,68.06666666666666
0.095,0.37727357959872493,0.6976421636615812,0.48971644152367044,2012,3321,78839,872,5333,177.76666666666668,67.06666666666666
0.1,0.3901098901098901,0.6893203883495146,0.49824561403508766,1988,3108,79052,896,5096,169.86666666666667,66.26666666666667
0.105,0.40245649948822926,0.6816920943134536,0.506114042991376,1966,2919,79241,918,4885,162.83333333333334,65.53333333333333
0.11,0.41350660417554325,0.6730235783633842,0.5122723673792557,1941,2753,79407,943,4694,156.46666666666667,64.7
0.115,0.4268862675272646,0.6650485436893204,0.5199945777416294,1918,2575,79585,966,4493,149.76666666666668,63.93333333333333
0.12,0.4406032482598608,0.6584604715672677,0.5279399499582986,1899,2411,79749,985,4310,143.66666666666666,63.3
0.125,0.4544358727097396,0.6536061026352289,0.5361205915813425,1885,2263,79897,999,4148,138.26666666666668,62.833333333333336
0.13,0.4658151765589782,0.6449375866851595,0.5409335466046241,1860,2133,80027,1024,3993,133.1,62.0
0.135,0.4760672703751617,0.6380027739251041,0.5452659653281968,1840,2025,80135,1044,3865,128.83333333333334,61.333333333333336
0.14,0.4863782051282051,0.6314147018030514,0.5494870247435124,1821,1923,80237,1063,3744,124.8,60.7
0.145,0.4955995599559956,0.6248266296809986,0.5527607361963189,1802,1834,80326,1082,3636,121.2,60.06666666666667
0.15,0.5053916004540295,0.6175450762829403,0.5558676654182273,1781,1743,80417,1103,3524,117.46666666666667,59.36666666666667
0.155,0.5151691948658109,0.6123439667128987,0.5595690747782003,1766,1662,80498,1118,3428,114.26666666666667,58.86666666666667
0.16,0.5256525652565257,0.6074895977808599,0.563615891909281,1752,1581,80579,1132,3333,111.1,58.4
0.165,0.5333743463549677,0.6012482662968099,0.5652811735941321,1734,1517,80643,1150,3251,108.36666666666666,57.8
0.17,0.5424424108551593,0.5960471567267683,0.5679828184371386,1719,1450,80710,1165,3169,105.63333333333334,57.3
0.175,0.5495001612383102,0.5908460471567267,0.5694235588972432,1704,1397,80763,1180,3101,103.36666666666666,56.8
0.18,0.560701290109163,0.5877253814147018,0.5738953783646521,1695,1328,80832,1189,3023,100.76666666666667,56.5
0.185,0.5693974272173324,0.5832177531206657,0.5762247344981157,1682,1272,80888,1202,2954,98.46666666666667,56.06666666666667
0.19,0.5750258709899966,0.5780166435506241,0.5765173785232578,1667,1232,80928,1217,2899,96.63333333333334,55.56666666666667
0.195,0.5836562169778091,0.5745492371705964,0.5790669229425127,1657,1182,80978,1227,2839,94.63333333333334,55.233333333333334
0.2,0.594954954954955,0.5724687933425797,0.5834953171938505,1651,1124,81036,1233,2775,92.5,55.03333333333333
0.205,0.5994130594277329,0.5665742024965326,0.5825311942959002,1634,1092,81068,1250,2726,90.86666666666666,54.46666666666667
0.21,0.605765630849869,0.5610263522884882,0.5825382538253825,1618,1053,81107,1266,2671,89.03333333333333,53.93333333333333
0.215,0.6130634071810542,0.5565187239944521,0.5834242093784078,1605,1013,81147,1279,2618,87.26666666666667,53.5
0.22,0.6204351204351204,0.5537447988904299,0.5851960425064126,1597,977,81183,1287,2574,85.8,53.233333333333334
0.225,0.6279161724001582,0.550624133148405,0.5867356364308146,1588,941,81219,1296,2529,84.3,52.93333333333333
0.23,0.6337630942788074,0.5454230235783634,0.5862840104360789,1573,909,81251,1311,2482,82.73333333333333,52.43333333333333
0.235,0.6401143790849673,0.5433425797503467,0.5877719429857465,1567,881,81279,1317,2448,81.6,52.233333333333334
0.24,0.6479166666666667,0.5391816920943134,0.5885692657077971,1555,845,81315,1329,2400,80.0,51.833333333333336
0.245,0.6541385135135135,0.5371012482662968,0.5898705255140898,1549,819,81341,1335,2368,78.93333333333334,51.63333333333333
0.25,0.660077352814783,0.5325936199722607,0.5895221646516983,1536,791,81369,1348,2327,77.56666666666666,51.2
0.255,0.6675427069645203,0.5284327323162274,0.5898974259725179,1524,759,81401,1360,2283,76.1,50.8
0.26,0.6748329621380846,0.5253120665742025,0.5907584324429713,1515,730,81430,1369,2245,74.83333333333333,50.5
0.265,0.6805054151624549,0.5228848821081831,0.5913725490196078,1508,708,81452,1376,2216,73.86666666666666,50.266666666666666
0.27,0.6890524379024839,0.5194174757281553,0.5923289837880585,1498,676,81484,1386,2174,72.46666666666667,49.93333333333333
0.275,0.696037296037296,0.5176837725381415,0.5937562139590377,1493,652,81508,1391,2145,71.5,49.766666666666666
0.28,0.7025106584557081,0.5142163661581137,0.5937937937937938,1483,628,81532,1401,2111,70.36666666666666,49.43333333333333
0.285,0.7077735124760077,0.5114424410540915,0.5938003220611917,1475,609,81551,1409,2084,69.46666666666667,49.166666666666664
0.29,0.7128329297820823,0.5104022191400832,0.5948676500303092,1472,593,81567,1412,2065,68.83333333333333,49.06666666666667
0.295,0.71484375,0.507628294036061,0.5936739659367397,1464,584,81576,1420,2048,68.26666666666667,48.8
0.3,0.7204938271604938,0.5058945908460472,0.5944184151558363,1459,566,81594,1425,2025,67.5,48.63333333333333
0.305,0.7262262262262262,0.503120665742025,0.5944285129045472,1451,547,81613,1433,1998,66.6,48.36666666666667
0.31,0.7283763277693475,0.49930651872399445,0.5924706850442296,1440,537,81623,1444,1977,65.9,48.0
0.315,0.7318321392016377,0.4958391123439667,0.5911533691608103,1430,524,81636,1454,1954,65.13333333333334,47.666666666666664
0.32,0.7357512953367875,0.492371705963939,0.5899459908599917,1420,510,81650,1464,1930,64.33333333333333,47.333333333333336
0.325,0.7389937106918238,0.48890429958391124,0.5884808013355592,1410,498,81662,1474,1908,63.6,47.0
0.33,0.7433862433862434,0.48717059639389737,0.5886049434436531,1405,485,81675,1479,1890,63.0,46.833333333333336
0.335,0.7470525187566989,0.48335644937586686,0.5869473684210527,1394,472,81688,1490,1866,62.2,46.46666666666667
0.34,0.7516268980477223,0.48058252427184467,0.5862944162436549,1386,458,81702,1498,1844,61.46666666666667,46.2
0.345,0.7558711086837794,0.4798890429958391,0.5870625662778366,1384,447,81713,1500,1831,61.03333333333333,46.13333333333333
0.35,0.7602209944751381,0.47711511789181693,0.5862803579037069,1376,434,81726,1508,1810,60.333333333333336,45.86666666666667
0.355,0.7635248187395427,0.4746879334257975,0.5854180029933719,1369,424,81736,1515,1793,59.766666666666666,45.63333333333333
0.36,0.7687959299039006,0.47156726768377255,0.5845690952073931,1360,409,81751,1524,1769,58.96666666666667,45.333333333333336
0.365,0.7719498289623717,0.4694868238557559,0.5838723587753342,1354,400,81760,1530,1754,58.46666666666667,45.13333333333333
0.37,0.7751004016064257,0.4684466019417476,0.583963691376702,1351,392,81768,1533,1743,58.1,45.03333333333333
0.375,0.7746967071057193,0.46497919556171985,0.581148429035753,1341,390,81770,1543,1731,57.7,44.7
0.38,0.7769994162288383,0.4615117891816921,0.5790733086795737,1331,382,81778,1553,1713,57.1,44.36666666666667
0.385,0.7782991202346041,0.460124826629681,0.5783395075179778,1327,378,81782,1557,1705,56.833333333333336,44.233333333333334
0.39,0.7829964328180737,0.4566574202496533,0.5768725361366623,1317,365,81795,1567,1682,56.06666666666667,43.9
0.395,0.7859712230215827,0.45457697642163664,0.5760105448154658,1311,357,81803,1573,1668,55.6,43.7
0.4,0.7893462469733656,0.4521497919556172,0.5749559082892417,1304,348,81812,1580,1652,55.06666666666667,43.46666666666667
0.405,0.7924297924297924,0.4500693481276006,0.5740822644847413,1298,340,81820,1586,1638,54.6,43.266666666666666
0.41,0.7961822660098522,0.4483356449375867,0.5736468500443656,1293,331,81829,1591,1624,54.13333333333333,43.1
0.415,0.7985120892746436,0.44660194174757284,0.5728263286635535,1288,325,81835,1596,1613,53.766666666666666,42.93333333333333
0.42,0.800251256281407,0.441747572815534,0.5692582663092046,1274,318,81842,1610,1592,53.06666666666667,42.46666666666667
0.425,0.8034134007585335,0.4407073509015257,0.5691894312583968,1271,311,81849,1613,1582,52.733333333333334,42.36666666666667
0.43,0.8063694267515924,0.4389736477115118,0.5684777727885048,1266,304,81856,1618,1570,52.333333333333336,42.2
0.435,0.8094011590470058,0.4358529819694868,0.5665990534144693,1257,296,81864,1627,1553,51.766666666666666,41.9
0.44,0.8125810635538262,0.4344660194174757,0.5661997288748305,1253,289,81871,1631,1542,51.4,41.766666666666666
0.445,0.814621409921671,0.43273231622746183,0.5652173913043478,1248,284,81876,1636,1532,51.06666666666667,41.6
0.45,0.8154957321076822,0.4306518723994452,0.5636487406398911,1242,281,81879,1642,1523,50.766666666666666,41.4
0.455,0.8168642951251647,0.42995839112343964,0.5633802816901409,1240,278,81882,1644,1518,50.6,41.333333333333336
0.46,0.8176392572944297,0.4275312066574202,0.5614754098360655,1233,275,81885,1651,1508,50.266666666666666,41.1
0.465,0.8207357859531773,0.4254507628294036,0.5604019182461749,1227,268,81892,1657,1495,49.833333333333336,40.9
0.47,0.823489477257298,0.42059639389736475,0.556805141152169,1213,260,81900,1671,1473,49.1,40.43333333333333
0.475,0.8269493844049247,0.41920943134535366,0.5563736769443166,1209,253,81907,1675,1462,48.733333333333334,40.3
0.48,0.829655172413793,0.417128987517337,0.5551453622519613,1203,247,81913,1681,1450,48.333333333333336,40.1
0.485,0.8322894919972165,0.4147018030513176,0.5535755612126823,1196,241,81919,1688,1437,47.9,39.86666666666667
0.49,0.8326330532212886,0.4122746185852982,0.5514842300556586,1189,239,81921,1695,1428,47.6,39.63333333333333
0.495,0.8352112676056338,0.41123439667128986,0.5511152416356877,1186,234,81926,1698,1420,47.333333333333336,39.53333333333333
0.5,0.8362863217576187,0.4091539528432732,0.549476135040745,1180,231,81929,1704,1411,47.03333333333333,39.333333333333336
0.505,0.8385714285714285,0.4070735090152566,0.5480859010270774,1174,226,81934,1710,1400,46.666666666666664,39.13333333333333
0.51,0.8417630057803468,0.4039528432732316,0.5459231490159325,1165,219,81941,1719,1384,46.13333333333333,38.833333333333336
0.515,0.8420669577874818,0.4011789181692094,0.5434476279943635,1157,217,81943,1727,1374,45.8,38.56666666666667
0.52,0.8437956204379562,0.40083217753120665,0.543488481429243,1156,214,81946,1728,1370,45.666666666666664,38.53333333333333
0.525,0.8464364437913299,0.39944521497919555,0.542756183745583,1152,209,81951,1732,1361,45.36666666666667,38.4
0.53,0.8468934911242604,0.39701803051317613,0.5406043437204909,1145,207,81953,1739,1352,45.06666666666667,38.166666666666664
0.535,0.8487332339791356,0.3949375866851595,0.5390440132513015,1139,203,81957,1745,1342,44.733333333333334,37.96666666666667
0.54,0.8534936138241923,0.39389736477115117,0.5390272835112693,1136,195,81965,1748,1331,44.36666666666667,37.86666666666667
0.545,0.8572513287775246,0.39147018030513175,0.5374910735539157,1129,188,81972,1755,1317,43.9,37.63333333333333
0.55,0.8576893649579189,0.38869625520110956,0.5349558577905035,1121,186,81974,1763,1307,43.56666666666667,37.36666666666667
0.555,0.8606620477290223,0.38765603328710124,0.5345445852259143,1118,181,81979,1766,1299,43.3,37.266666666666666
0.56,0.8612403100775193,0.3852288488210818,0.5323430761859127,1111,179,81981,1773,1290,43.0,37.03333333333333
0.565,0.863849765258216,0.3828016643550624,0.5305141758769822,1104,174,81986,1780,1278,42.6,36.8
0.57,0.8644602048857368,0.380374479889043,0.5282928003852637,1097,172,81988,1787,1269,42.3,36.56666666666667
0.575,0.8681493248610008,0.3789875173370319,0.5276369780352402,1093,166,81994,1791,1259,41.96666666666667,36.43333333333333
0.58,0.8701923076923077,0.3765603328710125,0.5256534365924492,1086,162,81998,1798,1248,41.6,36.2
0.585,0.8718775181305399,0.3751733703190014,0.5246060606060606,1082,159,82001,1802,1241,41.36666666666667,36.06666666666667
0.59,0.8718572587185726,0.37274618585298197,0.5222249210590235,1075,158,82002,1809,1233,41.1,35.833333333333336
0.595,0.8735632183908046,0.36893203883495146,0.5187713310580204,1064,154,82006,1820,1218,40.6,35.46666666666667
0.6,0.8769742310889443,0.3658113730929265,0.5162711034988989,1055,148,82012,1829,1203,40.1,35.166666666666664
0.605,0.8774139378673383,0.36234396671289876,0.5128834355828221,1045,146,82014,1839,1191,39.7,34.833333333333336
0.61,0.8809121621621622,0.3616504854368932,0.5127826941986233,1043,141,82019,1841,1184,39.46666666666667,34.766666666666666
0.615,0.8808510638297873,0.358876560332871,0.5099778270509978,1035,140,82020,1849,1175,39.166666666666664,34.5
0.62,0.8825042881646655,0.3567961165048544,0.5081481481481481,1029,137,82023,1855,1166,38.86666666666667,34.3
0.625,0.8833189282627485,0.35436893203883496,0.5058153922296461,1022,135,82025,1862,1157,38.56666666666667,34.06666666666667
0.63,0.8843478260869565,0.3526352288488211,0.504214179474467,1017,133,82027,1867,1150,38.333333333333336,33.9
0.635,0.8851884312007011,0.3502080443828017,0.5018633540372671,1010,131,82029,1874,1141,38.03333333333333,33.666666666666664
0.64,0.8870255957634599,0.3484743411927878,0.5003734129947722,1005,128,82032,1879,1133,37.766666666666666,33.5
0.645,0.8875,0.3446601941747573,0.4965034965034965,994,126,82034,1890,1120,37.333333333333336,33.13333333333333
0.65,0.8883888388838884,0.3422330097087379,0.49411764705882355,987,124,82036,1897,1111,37.03333333333333,32.9
0.655,0.8888888888888888,0.34119278779472956,0.4931094963668254,984,123,82037,1900,1107,36.9,32.8
0.66,0.8903985507246377,0.3408460471567268,0.49297893681043137,983,121,82039,1901,1104,36.8,32.766666666666666
0.665,0.8916211293260473,0.3394590846047157,0.49171270718232046,979,119,82041,1905,1098,36.6,32.63333333333333
0.67,0.8938700823421775,0.33876560332871014,0.49132511943676144,977,116,82044,1907,1093,36.43333333333333,32.56666666666667
0.675,0.8929889298892989,0.3356449375866852,0.4879032258064517,968,116,82044,1916,1084,36.13333333333333,32.266666666666666
0.68,0.8948837209302326,0.33356449375866853,0.485981308411215,962,113,82047,1922,1075,35.833333333333336,32.06666666666667
0.685,0.8969072164948454,0.33183079056865467,0.4844343204252088,957,110,82050,1927,1067,35.56666666666667,31.9
0.69,0.8980169971671388,0.329750346740638,0.48237382703525233,951,108,82052,1933,1059,35.3,31.7
0.695,0.9001901140684411,0.32836338418862693,0.48119918699186986,947,105,82055,1937,1052,35.06666666666667,31.566666666666666
0.7,0.9010566762728146,0.32524271844660196,0.4779617834394905,938,103,82057,1946,1041,34.7,31.266666666666666
0.705,0.9005791505791506,0.3235090152565881,0.47602040816326535,933,103,82057,1951,1036,34.53333333333333,31.1
0.71,0.9027237354085603,0.3217753120665742,0.474437627811861,928,100,82060,1956,1028,34.266666666666666,30.933333333333334
0.715,0.9034146341463415,0.3210818307905687,0.4737784599641852,926,99,82061,1958,1025,34.166666666666664,30.866666666666667
0.72,0.904621435594887,0.31900138696255204,0.4716739297615996,920,97,82063,1964,1017,33.9,30.666666666666668
0.725,0.9057539682539683,0.3165742024965326,0.4691675231243576,913,95,82065,1971,1008,33.6,30.433333333333334
0.73,0.9059059059059059,0.31380027739251043,0.46613443214009787,905,94,82066,1979,999,33.3,30.166666666666668
0.735,0.907070707070707,0.31137309292649096,0.46360351058337634,898,92,82068,1986,990,33.0,29.933333333333334
0.74,0.9073319755600815,0.30894590846047154,0.46094154164511125,891,91,82069,1993,982,32.733333333333334,29.7
0.745,0.9071207430340558,0.30478502080443826,0.4562678432390345,879,90,82070,2005,969,32.3,29.3
0.75,0.9085239085239085,0.3030513176144244,0.4544981799271971,874,88,82072,2010,962,32.06666666666667,29.133333333333333
0.755,0.9106203995793901,0.3002773925104022,0.45162972620599734,866,85,82075,2018,951,31.7,28.866666666666667
0.76,0.9118895966029724,0.2978502080443828,0.44903293256664917,859,83,82077,2025,942,31.4,28.633333333333333
0.765,0.9110396570203644,0.2947295423023578,0.4453759496987162,850,83,82077,2034,933,31.1,28.333333333333332
0.77,0.9125269978401728,0.29299583911234395,0.4435695538057743,845,81,82079,2039,926,30.866666666666667,28.166666666666668
0.775,0.9128540305010894,0.29056865464632453,0.4408206207259337,838,80,82080,2046,918,30.6,27.933333333333334
0.78,0.9157427937915743,0.28640776699029125,0.4363444268357105,826,76,82084,2058,902,30.066666666666666,27.533333333333335
0.785,0.9180695847362514,0.28363384188626906,0.4333774834437086,818,73,82087,2066,891,29.7,27.266666666666666
0.79,0.9228149829738933,0.2819001386962552,0.4318725099601594,813,68,82092,2071,881,29.366666666666667,27.1
0.795,0.9225512528473804,0.28085991678224687,0.430622009569378,810,68,82092,2074,878,29.266666666666666,27.0
0.8,0.9231651376146789,0.279126213592233,0.4286474973375932,805,67,82093,2079,872,29.066666666666666,26.833333333333332
0.805,0.9242424242424242,0.2749653259361997,0.4238375200427579,793,65,82095,2091,858,28.6,26.433333333333334
0.81,0.9236192714453584,0.2725381414701803,0.42088353413654617,786,65,82095,2098,851,28.366666666666667,26.2
0.815,0.9239904988123515,0.2697642163661581,0.4176060118089104,778,64,82096,2106,842,28.066666666666666,25.933333333333334
0.82,0.9228915662650602,0.2656033287101248,0.4124932687129779,766,64,82096,2118,830,27.666666666666668,25.533333333333335
0.825,0.9242979242979243,0.26248266296809986,0.4088576829597623,757,62,82098,2127,819,27.3,25.233333333333334
0.83,0.9234567901234568,0.2593619972260749,0.404981050351922,748,62,82098,2136,810,27.0,24.933333333333334
0.835,0.9238451935081149,0.2565880721220527,0.4016282225237449,740,61,82099,2144,801,26.7,24.666666666666668
0.84,0.9270166453265045,0.2510402219140083,0.39508867667121417,724,57,82103,2160,781,26.033333333333335,24.133333333333333
0.845,0.9295958279009127,0.2472260748959778,0.39057792385647766,713,54,82106,2171,767,25.566666666666666,23.766666666666666
0.85,0.9295212765957447,0.24237170596393898,0.38448844884488453,699,53,82107,2185,752,25.066666666666666,23.3
0.855,0.9302013422818792,0.24029126213592233,0.3819233948746211,693,52,82108,2191,745,24.833333333333332,23.1
0.86,0.931787175989086,0.2368238557558946,0.37766104506497095,683,50,82110,2201,733,24.433333333333334,22.766666666666666
0.865,0.9337016574585635,0.23439667128987518,0.37472283813747226,676,48,82112,2208,724,24.133333333333333,22.533333333333335
0.87,0.9339887640449438,0.23058252427184467,0.36985539488320357,665,47,82113,2219,712,23.733333333333334,22.166666666666668
0.875,0.9345661450924608,0.22780859916782248,0.3663228324505157,657,46,82114,2227,703,23.433333333333334,21.9
0.88,0.9366906474820144,0.22572815533980584,0.363788767812238,651,44,82116,2233,695,23.166666666666668,21.7
0.885,0.9369501466275659,0.22156726768377255,0.35838474481211446,639,43,82117,2245,682,22.733333333333334,21.3
0.89,0.9374068554396423,0.21809986130374479,0.3538677918424754,629,42,82118,2255,671,22.366666666666667,20.966666666666665
0.895,0.9385560675883257,0.21185852981969486,0.3456859971711457,611,40,82120,2273,651,21.7,20.366666666666667
0.9,0.9388714733542319,0.20769764216366157,0.34014764338444065,599,39,82121,2285,638,21.266666666666666,19.966666666666665
0.905,0.9376996805111821,0.2035367545076283,0.33447293447293447,587,39,82121,2297,626,20.866666666666667,19.566666666666666
0.91,0.9376026272577996,0.1979889042995839,0.3269395934726596,571,38,82122,2313,609,20.3,19.033333333333335
0.915,0.93929173693086,0.19313453536754507,0.3203911417888985,557,36,82124,2327,593,19.766666666666666,18.566666666666666
0.92,0.9407665505226481,0.18723994452149792,0.31231925968768076,540,34,82126,2344,574,19.133333333333333,18.0
0.925,0.9386281588447654,0.18030513176144244,0.3025014543339151,520,34,82126,2364,554,18.466666666666665,17.333333333333332
0.93,0.9391143911439115,0.17649098474341193,0.29713952130764737,509,33,82127,2375,542,18.066666666666666,16.966666666666665
0.935,0.9382239382239382,0.16851595006934814,0.2857142857142857,486,32,82128,2398,518,17.266666666666666,16.2
0.94,0.9391480730223124,0.16054091539528434,0.27420787681374004,463,30,82130,2421,493,16.433333333333334,15.433333333333334
0.945,0.945031712473573,0.15499306518723993,0.2663092046470062,447,26,82134,2437,473,15.766666666666667,14.9
0.95,0.950561797752809,0.14667128987517336,0.2541303694803244,423,22,82138,2461,445,14.833333333333334,14.1
0.955,0.9485981308411215,0.1407766990291262,0.2451690821256039,406,22,82138,2478,428,14.266666666666667,13.533333333333333
0.96,0.9467005076142132,0.12933425797503467,0.22757779133618058,373,21,82139,2511,394,13.133333333333333,12.433333333333334
0.965,0.9538043478260869,0.12170596393897365,0.2158671586715867,351,17,82143,2533,368,12.266666666666667,11.7
0.97,0.9578313253012049,0.11026352288488211,0.19776119402985073,318,14,82146,2566,332,11.066666666666666,10.6
0.975,0.9627118644067797,0.09847434119278779,0.1786725385341302,284,11,82149,2600,295,9.833333333333334,9.466666666666667
0.98,0.972,0.08425797503467407,0.15507338864071474,243,7,82153,2641,250,8.333333333333334,8.1
0.985,0.9766355140186916,0.07246879334257975,0.13492575855390573,209,5,82155,2675,214,7.133333333333334,6.966666666666667
0.99,0.9821428571428571,0.0572122052704577,0.10812581913499344,165,3,82157,2719,168,5.6,5.5
