feature,source,gain,group,gain_share
num__V258,V258,279.2882080078125,V,0.17284599196384218
num__V257,V257,109.93317413330078,V,0.06803548444935649
num__V149,V149,53.7215690612793,V,0.03324722500991209
freq__freq_addr2,addr2,29.989625930786133,frequency,0.01855999105585687
num__V201,V201,21.47939682006836,V,0.01329317724021438
num__V294,V294,19.746431350708008,V,0.012220678914104255
num__C4,C4,19.179655075073242,C,0.011869912197949441
num__C7,C7,17.594430923461914,C,0.01088884807453097
num__V295,V295,16.990758895874023,V,0.010515247301431612
num__V331,V331,16.837156295776367,V,0.010420185666099833
num__V200,V200,15.918363571166992,V,0.009851562876662815
num__V147,V147,15.038177490234375,V,0.009306832981488333
num__addr2,addr2,13.727511405944824,addr,0.008495687458774192
num__V163,V163,13.227399826049805,V,0.008186178214770806
num__V317,V317,12.64874267578125,V,0.007828058658422258
num__V187,V187,12.42536735534668,V,0.007689816055499065
num__C8,C8,12.14955997467041,C,0.007519124279272676
num__V156,V156,11.879331588745117,V,0.007351885233431045
num__V70,V70,11.070751190185547,V,0.006851470690087209
num__V323,V323,11.061799049377441,V,0.006845930385792895
num__V333,V333,10.735371589660645,V,0.006643910835875454
num__V327,V327,9.900144577026367,V,0.006127005225919556
cat__M4_<missing>,M4,9.873579025268555,M,0.006110564327184879
cat__ProductCD_C,ProductCD,9.49370002746582,product,0.005875464669129831
num__V142,V142,8.797457695007324,V,0.005444573950687319
num__V336,V336,8.488009452819824,V,0.005253062505345991
num__V189,V189,8.265961647033691,V,0.005115641475191273
num__C1,C1,7.487842082977295,C,0.004634078544643063
num__V141,V141,7.1313958168029785,V,0.004413480944414327
num__V268,V268,6.826180458068848,V,0.004224589147587999
num__V162,V162,6.728119373321533,V,0.004163901066314887
num__V174,V174,6.709347248077393,V,0.004152283366333075
num__V161,V161,6.700531959533691,V,0.004146827757219993
cat__ProductCD_S,ProductCD,6.5102338790893555,product,0.004029056009111329
num__V198,V198,6.452081680297852,V,0.003993066754295691
cat__card6_debit,card6,6.2947869300842285,card,0.0038957201197015877
num__C5,C5,5.992629051208496,C,0.003708720537168173
num__C14,C14,5.9467854499816895,C,0.0036803488318757657
freq__freq_card3,card3,5.907439708709717,frequency,0.0036559985246135394
num__V266,V266,5.8593926429748535,V,0.0036262631383717327
num__V225,V225,5.847601890563965,V,0.0036189660730534465
num__V243,V243,5.839046001434326,V,0.0036136710011479985
num__V118,V118,5.7138214111328125,V,0.003536171959268202
num__V112,V112,5.404314994812012,V,0.0033446245110972206
num__V20,V20,5.267303466796875,V,0.0032598307647404264
num__id_17,id_17,5.266564846038818,identity,0.003259373646845897
num__V91,V91,5.248323917388916,V,0.003248084694013539
num__V33,V33,4.964622974395752,V,0.0030725077469504563
num__C3,C3,4.943243026733398,C,0.003059276116842639
num__V152,V152,4.763481140136719,V,0.0029480250123734317
num__C10,C10,4.719979286193848,C,0.0029211025685271404
num__V67,V67,4.606499671936035,V,0.002850872261870165
num__V283,V283,4.551884651184082,V,0.002817072097139497
cat__ProductCD_H,ProductCD,4.543230056762695,product,0.002811715938465703
num__V326,V326,4.543210983276367,V,0.0028117041342592595
num__V171,V171,4.521605014801025,V,0.0027983326243050852
num__V281,V281,4.407584190368652,V,0.0027277673732902723
num__V286,V286,4.405243873596191,V,0.0027263189971596397
num__V62,V62,4.3802490234375,V,0.002710850174825595
num__V172,V172,4.244681358337402,V,0.002626950006896583
num__V159,V159,4.2097063064575195,V,0.0026053046335409126
num__V224,V224,4.178811073303223,V,0.002586184179943533
num__V217,V217,4.126617431640625,V,0.002553882559220883
num__V108,V108,4.068197250366211,V,0.0025177274553047123
cat__id_35_T,id_35,4.064696311950684,identity,0.0025155607932119853
num__V143,V143,4.042562007904053,V,0.002501862306739323
num__V223,V223,3.92849063873291,V,0.002431265774577434
num__V280,V280,3.922687530517578,V,0.002427674344766962
num__V208,V208,3.91900372505188,V,0.002425394509844957
num__V210,V210,3.836528778076172,V,0.002374352383419831
num__V320,V320,3.8067593574523926,V,0.0023559286731077867
num__V58,V58,3.6967902183532715,V,0.00228787093064676
num__V12,V12,3.6941330432891846,V,0.002286226457136583
num__C13,C13,3.6528382301330566,C,0.002260669907528399
num__V335,V335,3.584012508392334,V,0.0022180750187869103
num__V64,V64,3.5421247482299805,V,0.00219215150591091
num__V169,V169,3.523799419403076,V,0.0021808103194650387
num__V205,V205,3.507378578186035,V,0.002170647783032563
num__V194,V194,3.4350712299346924,V,0.0021258981839573717
num__V165,V165,3.3953564167022705,V,0.0021013194653004613
cat__ProductCD_R,ProductCD,3.3940021991729736,product,0.002100481366642964
num__V334,V334,3.3762428760528564,V,0.0020894904700233074
num__V227,V227,3.3456993103027344,V,0.0020705876564822323
num__V296,V296,3.2967305183410645,V,0.0020402818319640373
num__V111,V111,3.2703537940979004,V,0.0020239577948731524
num__V115,V115,3.235842227935791,V,0.002002599263734062
num__V191,V191,3.1798095703125,V,0.0019679217513594717
num__V79,V79,3.163909435272217,V,0.001958081469762907
cat__card4_discover,card4,3.163757085800171,card,0.0019579871836639387
num__V311,V311,3.1607112884521484,V,0.001956102199447473
num__V269,V269,3.15545392036438,V,0.0019528485174938688
num__V287,V287,3.141828775405884,V,0.001944416182620867
cat__id_36_T,id_36,3.0933806896209717,identity,0.0019144326129385831
num__card3,card3,3.089398145675659,card,0.0019119678946331548
num__C12,C12,3.088812828063965,C,0.0019116056530479161
num__V324,V324,3.0532069206237793,V,0.0018895698555641233
num__V312,V312,3.0448129177093506,V,0.0018843749718608655
num__V54,V54,3.019993305206299,V,0.0018690146006735216
num__V69,V69,2.980083703994751,V,0.0018443153315583056
num__V94,V94,2.9508917331695557,V,0.0018262489935963416
num__V206,V206,2.927342176437378,V,0.0018116746350055623
num__V272,V272,2.917327880859375,V,0.001805476983964919
num__V109,V109,2.9153892993927,V,0.0018042772339325053
num__D2,D2,2.8901493549346924,D,0.0017886567275456598
num__V45,V45,2.886876344680786,V,0.0017866311257199344
cat__id_36_F,id_36,2.8688154220581055,identity,0.0017754535750858877
cat__M5_<missing>,M5,2.8396012783050537,M,0.0017573735147339332
num__V90,V90,2.8212544918060303,V,0.001746019048555813
num__V262,V262,2.8152787685394287,V,0.001742320790677026
num__V246,V246,2.75276517868042,V,0.0017036323565054734
num__V158,V158,2.7083911895751953,V,0.0016761701653195472
num__id_25,id_25,2.70129656791687,identity,0.0016717794431802613
num__V256,V256,2.648923873901367,V,0.0016393670104696216
num__V301,V301,2.6330583095550537,V,0.0016295481239972359
num__V329,V329,2.6127631664276123,V,0.0016169878581308995
num__V139,V139,2.587028741836548,V,0.0016010613276920033
num__V99,V99,2.585974931716919,V,0.0016004091452859932
num__V87,V87,2.581698179244995,V,0.0015977623470961719
num__V180,V180,2.5419137477874756,V,0.0015731405430857424
num__V184,V184,2.538968801498413,V,0.0015713179736108471
num__V57,V57,2.5362958908081055,V,0.001569663761630354
num__V308,V308,2.5295090675354004,V,0.001565463529872552
num__V102,V102,2.521958827972412,V,0.001560790834751844
num__V175,V175,2.480102777481079,V,0.0015348869463690568
num__V173,V173,2.4609785079956055,V,0.001523051311225778
num__V297,V297,2.4546759128570557,V,0.0015191507587590638
num__V213,V213,2.44962477684021,V,0.0015160247097876314
num__V74,V74,2.4448060989379883,V,0.0015130425245822308
num__V183,V183,2.4377572536468506,V,0.0015086801325384096
cat__id_35_F,id_35,2.407259941101074,identity,0.0014898059441979603
num__V82,V82,2.3800342082977295,V,0.0014729564723677533
num__V160,V160,2.3716180324554443,V,0.001467747866274505
num__V315,V315,2.3674862384796143,V,0.0014651907800536552
num__V248,V248,2.3649773597717285,V,0.0014636380842485773
num__V251,V251,2.3298044204711914,V,0.0014418702422510545
num__V285,V285,2.3291430473327637,V,0.001441460931392622
num__V138,V138,2.3279387950897217,V,0.0014407156433082877
num__V137,V137,2.3202450275421143,V,0.0014359541215340915
cat__card4_american express,card4,2.233351469039917,card,0.0013821774031337203
num__V61,V61,2.229706048965454,V,0.001379921324177183
num__V66,V66,2.22335147857666,V,0.0013759886052479096
num__V83,V83,2.21652889251709,V,0.001371766240603026
num__V192,V192,2.2027761936187744,V,0.0013632549650994326
cat__card6_credit,card6,2.175696611404419,card,0.0013464959430010998
num__C6,C6,2.16880464553833,C,0.0013422306405552775
num__V226,V226,2.167154312133789,V,0.0013412092815927432
num__V325,V325,2.14396333694458,V,0.001326856842083104
freq__freq_R_emaildomain,R_emaildomain,2.1173923015594482,frequency,0.0013104125496390742
num__V151,V151,2.1164608001708984,V,0.0013098360617068837
num__D1,D1,2.115593910217285,D,0.0013092995605240212
num__V22,V22,2.1136045455932617,V,0.0013080683817919513
num__V123,V123,2.0922164916992188,V,0.0012948317348963955
num__C11,C11,2.092153549194336,C,0.0012947927810151314
num__id_08,id_08,2.0817668437957764,identity,0.0012883646528436764
num__V309,V309,2.0777313709259033,V,0.001285867177865367
num__V15,V15,2.066679000854492,V,0.0012790270828890295
num__id_09,id_09,2.05062198638916,identity,0.001269089711694466
num__V121,V121,2.0482406616210938,V,0.00126761595651998
num__V177,V177,2.04268217086792,V,0.0012641759156571473
num__V310,V310,2.0127320289611816,V,0.0012456403604890493
num__V293,V293,2.0092287063598633,V,0.001243472222870517
num__V131,V131,1.9766877889633179,V,0.0012233332875859237
num__V300,V300,1.9749678373336792,V,0.00122226884326987
num__V289,V289,1.9624992609024048,V,0.0012145522859650937
num__id_32,id_32,1.962317705154419,identity,0.0012144399246750085
num__V18,V18,1.9566975831985474,V,0.001210961741470105
num__V319,V319,1.953985571861267,V,0.0012092833308664022
num__V53,V53,1.9320646524429321,V,0.0011957169039533277
num__id_11,id_11,1.928672194480896,identity,0.001193617378284749
num__id_07,id_07,1.9215463399887085,identity,0.0011892073267574118
num__V321,V321,1.9060070514678955,V,0.0011795903659915024
num__V73,V73,1.8993288278579712,V,0.0011754573444341387
num__V140,V140,1.8894253969192505,V,0.001169328305343449
num__V44,V44,1.8893860578536987,V,0.001169303959167659
num__V247,V247,1.8750771284103394,V,0.0011604484434936536
num__V154,V154,1.8748595714569092,V,0.001160313801763906
num__V193,V193,1.8727627992630005,V,0.0011590161505943006
cat__DeviceType_desktop,DeviceType,1.870366096496582,identity,0.001157532878278369
num__V136,V136,1.8625843524932861,V,0.0011527169096019517
num__V2,V2,1.8554787635803223,V,0.001148319400043961
num__V56,V56,1.8497071266174316,V,0.0011447474471741206
num__V181,V181,1.8454005718231201,V,0.0011420822049117312
num__V47,V47,1.839862585067749,V,0.0011386548535708256
num__V76,V76,1.8272120952606201,V,0.001130825713647093
num__V13,V13,1.8124014139175415,V,0.00112165967356733
cat__M6_<missing>,M6,1.8053189516067505,M,0.001117276476609652
num__V72,V72,1.795966386795044,V,0.001111488357756312
num__V133,V133,1.7800376415252686,V,0.0011016303698500821
num__id_01,id_01,1.7470825910568237,identity,0.0010812351357330817
num__V253,V253,1.7264965772628784,V,0.0010684948557184801
num__C9,C9,1.7213246822357178,C,0.0010652940713650016
num__C2,C2,1.716966152191162,C,0.0010625966626400534
num__V55,V55,1.7169016599655151,V,0.001062556749667016
num__V85,V85,1.7134228944778442,V,0.0010604038099642798
num__V237,V237,1.695724368095398,V,0.0010494505392526622
num__id_21,id_21,1.6826493740081787,identity,0.0010413586819592688
num__id_03,id_03,1.672646164894104,identity,0.0010351678921136209
num__id_24,id_24,1.667532205581665,identity,0.0010320029630372148
num__V59,V59,1.6662153005599976,V,0.0010311879563585729
num__V314,V314,1.6541045904159546,V,0.001023692875477195
cat__DeviceType_mobile,DeviceType,1.6537656784057617,identity,0.0010234831294839498
num__V34,V34,1.6526445150375366,V,0.0010227892634739357
num__V282,V282,1.6517632007598877,V,0.00102224383535995
num__V86,V86,1.6510753631591797,V,0.0010218181461650769
num__D13,D13,1.6320888996124268,D,0.0010100677964133536
num__V188,V188,1.6301010847091675,V,0.0010088375767730573
num__V254,V254,1.6266796588897705,V,0.0010067201234659423
num__V313,V313,1.6180716753005981,V,0.0010013928113216453
cat__M5_T,M5,1.6052120923995972,M,0.0009934342677847747
num__id_26,id_26,1.6023077964782715,identity,0.0009916368560248623
num__V14,V14,1.595825433731079,V,0.0009876250489124167
num__V232,V232,1.5940474271774292,V,0.0009865246755430004
num__V19,V19,1.5888413190841675,V,0.0009833027173942136
num__V209,V209,1.588194489479065,V,0.0009829024072431944
num__V110,V110,1.5871485471725464,V,0.0009822550940723422
num__V36,V36,1.5846296548843384,V,0.0009806962010588812
num__V38,V38,1.5815151929855347,V,0.0009787687216992183
num__V328,V328,1.5761795043945312,V,0.0009754665687229052
num__V157,V157,1.5738524198532104,V,0.000974026381760493
num__D10,D10,1.570867896080017,D,0.0009721793185572272
num__V78,V78,1.53957200050354,V,0.0009528109028482415
num__V116,V116,1.505062222480774,V,0.0009314534783535054
num__V271,V271,1.503690242767334,V,0.0009306043870287576
num__V276,V276,1.4973299503326416,V,0.0009266681268375512
num__V170,V170,1.4953758716583252,V,0.000925458785887402
num__V29,V29,1.4926517009735107,V,0.0009237728501020917
num__V153,V153,1.485009789466858,V,0.0009190434210141641
num__V75,V75,1.4792052507400513,V,0.0009154511058882088
num__V302,V302,1.4749059677124023,V,0.000912790363979526
num__V135,V135,1.4731248617172241,V,0.0009116880724265626
num__V303,V303,1.47085440158844,V,0.0009102829292020299
num__V299,V299,1.4683150053024292,V,0.0009087113466666421
num__V124,V124,1.4618914127349854,V,0.0009047359112653009
num__V63,V63,1.4594142436981201,V,0.0009032028399534354
num__V6,V6,1.454673171043396,V,0.0009002686831130023
num__V322,V322,1.4529216289520264,V,0.0008991846880800265
num__V207,V207,1.4522490501403809,V,0.0008987684422503082
num__V164,V164,1.452012062072754,V,0.0008986217749852462
num__V288,V288,1.445107102394104,V,0.0008943484309237841
num__V270,V270,1.4403880834579468,V,0.0008914279226970514
freq__freq_P_emaildomain,P_emaildomain,1.4329276084899902,frequency,0.0008868107811229188
cat__M6_F,M6,1.4208887815475464,M,0.0008793601873445752
num__V25,V25,1.4190555810928345,V,0.0008782256555527625
freq__freq_addr1,addr1,1.4190144538879395,frequency,0.0008782002027326185
num__V150,V150,1.418226957321167,V,0.0008777128365590774
num__V231,V231,1.4177764654159546,V,0.0008774340359581371
num__D6,D6,1.4166288375854492,D,0.0008767237916116825
num__V244,V244,1.4116706848144531,V,0.0008736552881466629
num__V144,V144,1.407320499420166,V,0.0008709630437620337
num__V31,V31,1.4046152830123901,V,0.0008692888384068767
num__V125,V125,1.4028050899505615,V,0.0008681685454390867
num__D4,D4,1.4025931358337402,D,0.0008680373711949819
num__D12,D12,1.3996003866195679,D,0.0008661852174276873
cat__id_12_<missing>,id_12,1.396665334701538,identity,0.0008643687713848846
num__V51,V51,1.3961236476898193,V,0.0008640335319218857
num__V77,V77,1.3905599117279053,V,0.0008605902449022811
num__D15,D15,1.3846431970596313,D,0.0008569285062871792
num__V250,V250,1.3770757913589478,V,0.000852245187380672
num__id_10,id_10,1.370773434638977,identity,0.0008483447824665382
num__card2,card2,1.367278814315796,card,0.0008461820305171958
num__V249,V249,1.3649427890777588,V,0.0008447363103330131
num__V24,V24,1.3624707460403442,V,0.0008432064114016293
num__V43,V43,1.3604367971420288,V,0.0008419476403369976
num__V318,V318,1.3554420471191406,V,0.0008388564875508643
num__V292,V292,1.3545094728469849,V,0.0008382793356320615
num__V26,V26,1.351613998413086,V,0.0008364873833176293
num__V148,V148,1.340593695640564,V,0.0008296671341633751
num__V338,V338,1.33905827999115,V,0.0008287168955446636
num__V176,V176,1.3340435028076172,V,0.0008256133483417644
num__V178,V178,1.3339154720306396,V,0.0008255341126060116
num__V245,V245,1.329201579093933,V,0.0008226167767597607
freq__freq_id_30,id_30,1.3260101079940796,frequency,0.0008206416379165815
num__V298,V298,1.3231691122055054,V,0.000818883401366804
num__V32,V32,1.3221009969711304,V,0.0008182223658059611
num__V49,V49,1.322054386138916,V,0.0008181935192764645
freq__freq_card1,card1,1.321227788925171,frequency,0.000817681954479714
num__V7,V7,1.319757103919983,V,0.0008167717763866205
num__V129,V129,1.3141101598739624,V,0.0008132769935164056
num__id_04,id_04,1.310422658920288,identity,0.000810994871529402
freq__freq_card2,card2,1.307868242263794,frequency,0.0008094139931814399
num__V197,V197,1.3060874938964844,V,0.0008083119229573472
num__V220,V220,1.3051058053970337,V,0.000807704375206952
num__V3,V3,1.2971806526184082,V,0.0008027996536533366
num__V304,V304,1.2963087558746338,V,0.0008022600538662826
num__V35,V35,1.2941229343414307,V,0.0008009072918078435
cat__M5_F,M5,1.2897872924804688,M,0.0007982240481306276
freq__freq_card1_card6,card1_card6,1.2864391803741455,frequency,0.0007961519672420302
cat__M6_T,M6,1.284454345703125,M,0.0007949235920089908
num__V130,V130,1.2835134267807007,V,0.0007943412757498689
cat__id_12_NotFound,id_12,1.2831419706344604,identity,0.0007941113888293793
num__V9,V9,1.2810665369033813,V,0.0007928269436157326
num__V98,V98,1.279301404953003,V,0.0007917345380856656
num__V52,V52,1.2788901329040527,V,0.0007914800098842251
num__D8,D8,1.2718583345413208,D,0.0007871281678499129
cat__id_28_Found,id_28,1.2628663778305054,identity,0.0007815632222746477
cat__M4_M2,M4,1.2605020999908447,M,0.0007801000171096704
num__card5,card5,1.249984860420227,card,0.0007735911039003668
num__V278,V278,1.2487925291061401,V,0.0007728531934450599
num__card1,card1,1.2464916706085205,card,0.0007714292372665077
num__V105,V105,1.2459776401519775,V,0.000771111113902852
num__V155,V155,1.2417242527008057,V,0.0007684787758659243
num__V42,V42,1.2325228452682495,V,0.00076278420534865
num__V228,V228,1.2280136346817017,V,0.0007599935433927972
num__V146,V146,1.2273070812225342,V,0.0007595562713203513
num__V114,V114,1.221842885017395,V,0.0007561745875031242
num__V46,V46,1.22083580493927,V,0.000755551325402901
num__V259,V259,1.2156239748001099,V,0.0007523258259921812
num__V145,V145,1.2145514488220215,V,0.0007516620607085983
freq__freq_id_33,id_33,1.2062739133834839,frequency,0.000746539256440937
num__D11,D11,1.2054784297943115,D,0.0007460469472559477
num__V274,V274,1.205174207687378,V,0.000745858670163172
cat__M4_M1,M4,1.2036670446395874,M,0.000744925916525255
num__V30,V30,1.2033967971801758,V,0.0007447586656752069
num__V60,V60,1.1985834836959839,V,0.0007417798004028685
num__V8,V8,1.1958781480789185,V,0.0007401055212714212
num__V235,V235,1.19342041015625,V,0.0007385844754948703
num__addr1,addr1,1.1890366077423096,addr,0.0007358714261963842
num__V93,V93,1.1881203651428223,V,0.0007353043816293487
num__V106,V106,1.1855274438858032,V,0.0007336996735396285
num__V97,V97,1.1795400381088257,V,0.0007299941855843949
freq__freq_card1_card4,card1_card4,1.1793566942214966,frequency,0.0007298807176499557
num__V279,V279,1.1778470277786255,V,0.0007289464147099429
num__V330,V330,1.1771798133850098,V,0.0007285334888132869
freq__freq_card1_addr1,card1_addr1,1.1754471063613892,frequency,0.0007274611504341741
num__V291,V291,1.1748056411743164,V,0.0007270641602162171
num__V50,V50,1.1664857864379883,V,0.000721915165365509
num__V182,V182,1.1660689115524292,V,0.0007216571696784256
cat__M4_M0,M4,1.1601289510726929,M,0.0007179810446867205
num__V255,V255,1.156085729598999,V,0.0007154787742495434
num__V284,V284,1.1477980613708496,V,0.000710349698997209
num__V92,V92,1.1465015411376953,V,0.0007095473080642037
num__V267,V267,1.1415379047393799,V,0.0007064754108898315
num__V96,V96,1.1344854831695557,V,0.0007021108055573022
num__V40,V40,1.1323375701904297,V,0.0007007815043591698
num__V4,V4,1.131470799446106,V,0.0007002450769525975
cat__card4_mastercard,card4,1.131394863128662,card,0.0007001980814556937
freq__freq_card1_addr1_pemail,card1_addr1_pemail,1.1284184455871582,frequency,0.0006983560350401665
cat__id_16_<missing>,id_16,1.1262855529785156,identity,0.0006970360296546085
freq__freq_DeviceInfo,DeviceInfo,1.1237773895263672,frequency,0.0006954837765072721
num__V23,V23,1.1217128038406372,V,0.0006942060449360403
num__id_14,id_14,1.120216727256775,identity,0.0006932801524931186
num__V219,V219,1.1163371801376343,V,0.0006908791769024859
num__V168,V168,1.112654447555542,V,0.0006886000059670932
num__V216,V216,1.1061718463897705,V,0.0006845880513020671
num__V166,V166,1.1035329103469849,V,0.0006829548655643017
num__V290,V290,1.101616621017456,V,0.000681768911698169
num__V37,V37,1.1001657247543335,V,0.0006808709804692607
num__id_20,id_20,1.0999305248260498,identity,0.0006807254198485528
num__V1,V1,1.0877436399459839,V,0.0006731831959176905
num__V261,V261,1.084841012954712,V,0.0006713868170258421
num__D3,D3,1.0828654766082764,D,0.0006701641963434439
cat__M3_T,M3,1.0813502073287964,M,0.0006692264259177884
cat__id_38_F,id_38,1.0808403491973877,identity,0.0006689108847242923
cat__M2_F,M2,1.0730328559875488,M,0.000664078980369176
num__id_18,id_18,1.0657271146774292,identity,0.0006595576004198173
num__V81,V81,1.062205195426941,V,0.0006573779537000024
cat__id_37_F,id_37,1.0616908073425293,identity,0.000657059609007476
num__V332,V332,1.0596189498901367,V,0.0006557773770825376
num__V190,V190,1.0523697137832642,V,0.0006512909670947681
num__V215,V215,1.0517988204956055,V,0.0006509376524406525
cat__card4_visa,card4,1.039980173110962,card,0.0006436233234704424
num__V212,V212,1.0367472171783447,V,0.0006416225104782484
num__V5,V5,1.0301508903503418,V,0.0006375401732323022
num__V306,V306,1.0284503698349,V,0.000636487754451563
cat__M3_F,M3,1.0221432447433472,M,0.0006325843984858182
num__V196,V196,1.0206137895584106,V,0.0006316378486816202
num__id_13,id_13,1.020017147064209,identity,0.0006312685983488057
num__V185,V185,1.013418436050415,V,0.000627184785577054
num__V252,V252,1.010277509689331,V,0.0006252409278809505
freq__freq_card5,card5,1.0094871520996094,frequency,0.0006247517910764428
num__V71,V71,1.0090107917785645,V,0.0006244569810205134
cat__M9_F,M9,1.0079326629638672,M,0.0006237897482512877
num__V84,V84,1.004019856452942,V,0.0006213681890756688
num__V337,V337,1.0030267238616943,V,0.0006207535588014074
num__V234,V234,1.0027556419372559,V,0.0006205857915173275
num__TransactionAmt,TransactionAmt,0.9992137551307678,amount,0.000618393787268892
num__V167,V167,0.9962233304977417,V,0.0006165430721392577
num__V239,V239,0.9861273169517517,V,0.0006102948474516325
num__V48,V48,0.9858585000038147,V,0.0006101284819170676
freq__freq_id_31,id_31,0.9755735993385315,frequency,0.0006037633586975054
num__V100,V100,0.9750804901123047,V,0.0006034581830727926
num__V307,V307,0.9691395163536072,V,0.0005997814309826202
num__V214,V214,0.9655385613441467,V,0.0005975528705823546
num__id_05,id_05,0.9642277359962463,identity,0.0005967416264945167
cat__id_38_T,id_38,0.9527038335800171,identity,0.0005896097094020057
num__V16,V16,0.9509221315383911,V,0.0005885070489675909
num__dist1,dist1,0.949763298034668,dist,0.0005877898696498505
num__id_06,id_06,0.9480860829353333,identity,0.0005867518741338596
num__V101,V101,0.9475273489952087,V,0.0005864060846613518
num__D14,D14,0.9421862363815308,D,0.0005831005748638313
num__V80,V80,0.9409846067428589,V,0.0005823569098578831
num__V263,V263,0.9316883087158203,V,0.0005766036134135519
num__V128,V128,0.9143661856651306,V,0.00056588329133847
num__V113,V113,0.9129438996315002,V,0.0005650030664192272
num__V211,V211,0.9038985371589661,V,0.0005594050690659199
num__V275,V275,0.891177237033844,V,0.0005515321060257654
num__V316,V316,0.883888840675354,V,0.0005470214605266414
num__has_identity,has_identity,0.8833122253417969,has_identity,0.0005466646046105926
num__V127,V127,0.8785037994384766,V,0.0005436887641661554
num__V103,V103,0.8691149353981018,V,0.0005378781804324275
cat__id_16_NotFound,id_16,0.8627746105194092,identity,0.0005339542777698417
cat__id_28_New,id_28,0.8612353801727295,identity,0.0005330016783098414
cat__M2_T,M2,0.860781729221344,M,0.0005327209226372089
cat__M7_T,M7,0.856428861618042,M,0.0005300270182860486
num__V265,V265,0.8439024686813354,V,0.00052227467948049
num__D5,D5,0.8428876996040344,D,0.0005216466588095441
num__V195,V195,0.8413965702056885,V,0.0005207238280826688
num__id_02,id_02,0.830276370048523,identity,0.0005138417543971662
cat__id_15_Unknown,id_15,0.8267092704772949,identity,0.000511634146463338
num__V277,V277,0.825623631477356,V,0.000510962265787825
num__dist2,dist2,0.8235360980033875,dist,0.0005096703322807157
cat__id_15_Found,id_15,0.8217648267745972,identity,0.0005085741272716997
num__V203,V203,0.8158406615257263,V,0.0005049077776384558
num__V238,V238,0.814153254032135,V,0.0005038634742496465
cat__M1_<missing>,M1,0.8114079833030701,M,0.0005021644800609579
num__V39,V39,0.8075530529022217,V,0.0004997787392742665
num__V132,V132,0.806645393371582,V,0.0004992170066001305
cat__M1_T,M1,0.8051453232765198,M,0.0004982886426514848
num__V126,V126,0.7995198965072632,V,0.0004948071764016641
cat__M9_T,M9,0.7960591912269592,M,0.0004926654138069042
num__V119,V119,0.7876434326171875,V,0.00048745706593067184
num__id_19,id_19,0.773670494556427,identity,0.0004788094887307998
cat__id_15_New,id_15,0.772304892539978,identity,0.0004779643444375816
num__V339,V339,0.7679073214530945,V,0.00047524277397756906
num__V17,V17,0.7638676166534424,V,0.000472742679940955
num__V134,V134,0.758777379989624,V,0.00046959243234631333
cat__id_37_T,id_37,0.7523497343063354,identity,0.0004656144885511029
num__V21,V21,0.7459153532981873,V,0.000461632376395492
num__V264,V264,0.7435919046401978,V,0.0004601944396099331
num__V260,V260,0.7406206130981445,V,0.0004583555655748876
num__D7,D7,0.7404201030731201,D,0.000458231473854649
num__V229,V229,0.7401930689811707,V,0.0004580909669098248
num__V233,V233,0.7394057512283325,V,0.00045760371140071915
num__V202,V202,0.7389522194862366,V,0.00045732302950437685
num__D9,D9,0.7358765602111816,D,0.00045541956432719764
num__V230,V230,0.7346135377883911,V,0.00045463790453175904
cat__M8_<missing>,M8,0.7325060963630676,M,0.0004533336503841742
num__V221,V221,0.7308282852172852,V,0.00045229528598673193
num__V199,V199,0.7219305038452148,V,0.0004467886236807821
cat__M8_F,M8,0.7170810103416443,M,0.00044378736730434597
cat__M7_<missing>,M7,0.7125572562217712,M,0.00044098770464107986
num__V186,V186,0.7120558619499207,V,0.00044067740156419313
num__V10,V10,0.7100605368614197,V,0.0004394425340176097
num__V273,V273,0.7025721669197083,V,0.00043480812879155334
num__V11,V11,0.7013888955116272,V,0.0004340758253343071
num__V104,V104,0.7011330127716064,V,0.0004339174645272369
cat__M8_T,M8,0.6867874264717102,M,0.0004250392626439726
num__V218,V218,0.685454249382019,V,0.0004242141855017085
num__V242,V242,0.6847713589668274,V,0.0004237915580228817
cat__M7_F,M7,0.6792256236076355,M,0.0004203594112231083
num__V236,V236,0.6623119115829468,V,0.0004098918467185005
num__V95,V95,0.6548036932945251,V,0.0004052451577401137
num__V222,V222,0.6271218061447144,V,0.0003881133809351784
cat__id_29_NotFound,id_29,0.6123982071876526,identity,0.0003790012344354596
cat__M9_<missing>,M9,0.5894118547439575,M,0.0003647754319280733
num__V204,V204,0.5373263359069824,V,0.00033254072630070034
cat__id_16_Found,id_16,0.5080055594444275,identity,0.00031439467305709683
num__V179,V179,0.5029487609863281,V,0.0003112651197118766
num__V117,V117,0.49788665771484375,V,0.00030813228332173925
cat__id_12_Found,id_12,0.4474447965621948,identity,0.0002769148051846454
num__V240,V240,0.4127386808395386,V,0.00025543587113983023
cat__M3_<missing>,M3,0.3903006315231323,M,0.00024154940267955298
cat__card4_<missing>,card4,0.34018412232398987,card,0.00021053327848268575
cat__ProductCD_W,ProductCD,0.2747291326522827,product,0.00017002446968087341
cat__M2_<missing>,M2,0.269492506980896,M,0.00016678362480177693
cat__id_29_Found,id_29,0.2589854896068573,identity,0.0001602810379093642
num__id_22,id_22,0.2023334503173828,identity,0.0001252202023745898
cat__DeviceType_<missing>,DeviceType,0.01961856335401535,identity,1.2141543919875807e-05
num__V28,V28,0.01838722452521324,V,1.1379492479086217e-05
num__V305,V305,0.0,V,0.0
num__V68,V68,0.0,V,0.0
num__V120,V120,0.0,V,0.0
num__V241,V241,0.0,V,0.0
num__V89,V89,0.0,V,0.0
num__V107,V107,0.0,V,0.0
num__V88,V88,0.0,V,0.0
cat__id_28_<missing>,id_28,0.0,identity,0.0
num__V65,V65,0.0,V,0.0
cat__id_29_<missing>,id_29,0.0,identity,0.0
num__V122,V122,0.0,V,0.0
num__V41,V41,0.0,V,0.0
cat__id_38_<missing>,id_38,0.0,identity,0.0
cat__card6_<missing>,card6,0.0,card,0.0
cat__id_15_<missing>,id_15,0.0,identity,0.0
cat__id_37_<missing>,id_37,0.0,identity,0.0
cat__card6_charge card,card6,0.0,card,0.0
num__V27,V27,0.0,V,0.0
cat__id_36_<missing>,id_36,0.0,identity,0.0
cat__id_35_<missing>,id_35,0.0,identity,0.0
cat__M1_F,M1,0.0,M,0.0
cat__card6_debit or credit,card6,0.0,card,0.0
